transaction_id,date,time,category,merchant,amount,txn_type,payment_mode,city
206dd123-de5d-439e-a13a-037e19f99df8,2025-04-20,12:11:25,Entertainment,Netflix,720,debit,Cash,Pune
035f4500-b06e-4089-96e9-bbdff35a3da3,2025-04-16,18:35:19,Entertainment,Netflix,148,debit,Cash,Pune
cf5fa94c-bbf2-41ba-9557-c2f97abc53bc,2025-06-24,20:50:06,Books,Flipkart,884,debit,Cash,Pune
cb290e09-7d56-44d0-b13e-91974bcc000c,2025-03-21,12:56:41,Books,Flipkart,1012,debit,Cash,Pune
70e12965-d3ca-4e63-ba23-b9f4aa67c3bb,2025-07-04,21:05:39,Education,Vedantu,1081,debit,Card,Pune
958fcf75-34f7-45c0-902f-4518368b2802,2025-04-10,22:10:22,Food,Swiggy,475,debit,Cash,Pune
49a4dc1a-58ac-41dd-9065-3126b216c668,2024-12-18,20:21:37,Education,Byjus,1215,debit,UPI,Pune
d62b4f31-6b9f-4672-936b-2faee2a6482c,2025-06-05,16:51:10,Education,Unacademy,2450,debit,Netbanking,Pune
3df0c11c-6161-413b-bffe-79e57773f827,2024-12-15,08:41:24,Recharge,Airtel,199,debit,Netbanking,Pune
83c5a502-e330-41da-9a05-c0674b8b4923,2025-06-15,12:05:46,Transport,IRCTC,516,debit,Cash,Pune
1bdfd668-5207-4e66-b266-b42b41e9ea9c,2025-03-17,17:44:56,Entertainment,Hotstar,1403,debit,UPI,Pune
c7f4f62d-aca0-4afb-8903-5a28f13c402b,2025-05-23,14:56:13,Food,Zomato,699,debit,Card,Pune
883768aa-fe10-495b-8dea-2a0dc1595056,2025-01-29,14:36:10,Food,Zomato,205,debit,Cash,Pune
cd422ada-4991-4ec5-b8cd-b05cc95e4f9a,2025-04-23,08:48:50,Food,Dominos,649,debit,Netbanking,Pune
1b57711f-16fa-44e2-b33e-73491f40db4f,2025-01-08,12:17:01,Food,Swiggy,1044,debit,Card,Pune
4ffa6327-693f-44c5-a349-0551325847eb,2025-03-14,12:29:52,Food,Dominos,404,debit,Cash,Pune
7899882e-2b8e-479a-82de-332842730157,2025-05-04,09:29:14,Recharge,Airtel,349,debit,Cash,Pune
55ba0cfa-85ad-4aba-b526-a1d07f38a692,2025-01-09,12:29:43,Transport,Ola,598,debit,Netbanking,Pune
de5cd7f3-2633-4ecb-9412-f565f9226956,2025-06-14,17:06:20,Food,Swiggy,999,debit,Netbanking,Pune
fa1145f2-2bd0-4b1c-9b72-e3c8536c19d3,2025-02-04,19:10:30,Food,Zomato,845,debit,Netbanking,Pune
0767bc4a-cc3d-4110-9c39-0f32d15fc242,2025-02-13,09:52:09,Entertainment,BookMyShow,1256,debit,Cash,Pune
f2da8129-22c5-4fd8-b6b2-192a845daa93,2025-04-27,22:28:37,Transport,Ola,900,debit,Cash,Pune
d03b7333-248a-4c48-8443-34ac53c6ebc0,2025-02-10,17:44:08,Entertainment,Netflix,109,debit,UPI,Pune
56e90097-265f-472c-b6fb-fb72577d600a,2025-06-24,16:11:25,Entertainment,Netflix,1491,debit,Card,Pune
4f154850-ec47-450e-afb7-99262987ebfa,2025-01-29,09:53:45,Food,Zomato,846,debit,UPI,Pune
fad14c57-06dc-4102-b374-25ac8575621a,2025-04-03,13:58:49,Books,Amazon,1793,debit,UPI,Pune
267528ff-15a9-48bb-8283-288354014db1,2025-03-20,16:08:03,Education,Unacademy,1596,debit,Card,Pune
48565a7b-c76c-4040-97d5-cad64471290c,2025-03-17,20:15:33,Entertainment,BookMyShow,726,debit,Netbanking,Pune
343c424c-ecd0-4e39-9cb0-b78f2560694c,2025-06-22,20:18:56,Recharge,Jio,239,debit,UPI,Pune
a75dc1ee-5a3b-45e6-9208-b75e6a837f67,2025-05-18,19:14:28,Food,Swiggy,1134,debit,Cash,Pune
e1b62727-a7e7-4319-b173-cdbd757bc2b7,2025-05-16,15:39:31,Entertainment,BookMyShow,977,debit,Card,Pune
7a9fec59-a303-4102-8274-fd897f6ba707,2025-05-28,20:17:50,Food,Swiggy,611,debit,Cash,Pune
c56f6f68-259d-43fe-b25d-1c94e32c164d,2025-05-17,10:35:39,Education,Unacademy,2481,debit,Card,Pune
0442ce38-e52e-4233-bbe0-af5d0909718e,2024-12-12,22:45:40,Entertainment,Hotstar,288,debit,Netbanking,Pune
ecb3b356-bbf0-437a-bb40-aa2f7733c61b,2025-01-09,18:40:41,Food,Swiggy,1386,debit,Card,Pune
8bbd04dc-cb20-4584-882c-e0fd57f0ea49,2025-06-08,22:48:39,Recharge,Vi,269,debit,UPI,Pune
16e81958-1350-4e7c-8e6f-f6f65bb274ad,2025-01-25,20:56:54,Food,Swiggy,1358,debit,Netbanking,Pune
bc04f0aa-1f5c-4a89-993c-08facad7fd26,2025-04-13,18:22:45,Food,Dominos,1191,debit,Netbanking,Pune
845daf5f-ae55-40b4-9d9d-43a57f56ff76,2024-12-23,23:57:29,Food,Zomato,438,debit,Netbanking,Pune
98a034e4-bd5f-4f3e-baaf-b319a6aa877a,2025-05-19,08:43:09,Transport,Ola,552,debit,Cash,Pune
133d4331-44af-45e4-b47d-12602b8308b3,2025-05-11,18:58:09,Food,Zomato,141,debit,UPI,Pune
c279b586-f0f6-487b-b93e-957d53140784,2025-06-09,14:33:24,Food,Dominos,928,debit,Netbanking,Pune
d259a225-219d-4be8-bea4-8c230040ec22,2025-05-22,10:01:01,Food,Dominos,1186,debit,UPI,Pune
a7707b1a-f1da-466a-9ab6-009098283310,2025-02-08,11:12:54,Entertainment,BookMyShow,313,debit,Card,Pune
81e251a8-4f7c-4833-bb2d-205123230cbf,2024-12-19,14:42:48,Books,Kindle,1493,debit,Netbanking,Pune
b842632d-e3f7-4492-ad6c-edaa3c09fa34,2025-05-26,13:00:04,Transport,IRCTC,592,debit,Card,Pune
02a06c93-8323-42fa-80ec-62f8fbf19630,2025-04-26,19:42:35,Transport,IRCTC,560,debit,Card,Pune
8f75b089-286e-45e9-b8f7-a7db51381578,2024-12-28,21:20:20,Education,Byjus,1098,debit,Netbanking,Pune
818dbf1d-d0cb-4cdf-8772-557e711c9c5b,2025-05-18,09:56:16,Food,Dominos,925,debit,Cash,Pune
6725e04e-e957-46a7-8b8b-ebece21e8b04,2025-05-06,20:55:49,Transport,Ola,164,debit,UPI,Pune
f6ead36f-0298-4081-be0e-27404c261810,2024-12-17,08:11:27,Transport,Ola,1271,debit,Card,Pune
3364f4ec-4cef-4200-b167-a369d54da7d5,2025-05-26,09:27:57,Food,Zomato,278,debit,Cash,Pune
fe1e6070-bd88-424d-80ea-8a98264087d1,2025-05-25,13:16:42,Recharge,Jio,299,debit,UPI,Pune
857efd68-d515-42ce-81ce-7c3f734e4371,2025-05-30,10:14:16,Education,Vedantu,1965,debit,Netbanking,Pune
4ae0004e-45ec-4d11-ad56-8411e0167e3b,2025-03-24,20:15:29,Education,Unacademy,1882,debit,Cash,Pune
5d1bfe6e-0af7-44df-9b08-9f7076f8f9b2,2025-06-16,20:59:28,Food,Swiggy,352,debit,Cash,Pune
0531492a-962f-48ff-8d64-676e1b93ea77,2025-06-28,20:47:11,Education,Byjus,2043,debit,Cash,Pune
48c39496-ced2-4af3-81af-4b308aef4163,2025-01-28,22:00:51,Entertainment,Netflix,1185,debit,Netbanking,Pune
8437cdf9-e3a0-4563-bcc8-57d4ff69202e,2025-06-10,16:58:58,Recharge,BSNL,247,debit,Card,Pune
8df733a9-42b9-4dc0-9fe4-1aeaf8fb847d,2025-02-02,22:24:42,Recharge,BSNL,399,debit,Card,Pune
adaa05e9-d6db-49d4-b63e-e771d2f37894,2025-02-03,08:19:11,Education,Vedantu,1585,debit,Cash,Pune
747f397c-9d36-4110-90b0-9f88381a6a0a,2025-03-09,22:23:15,Transport,Ola,537,debit,Card,Pune
8086bd37-9638-41f7-b28b-1ae3335b5654,2025-07-07,10:15:38,Education,Unacademy,1001,debit,UPI,Pune
ffcaa5e9-3a2a-4895-b45d-4a41f55f52c7,2025-06-07,10:40:34,Education,Vedantu,1257,debit,UPI,Pune
2de1a564-6434-4aad-9283-032d3485ae1e,2025-01-07,21:29:47,Food,Zomato,760,debit,UPI,Pune
20102f18-61b5-4dec-bf10-63a63a6803bd,2025-03-01,20:04:20,Education,Byjus,1496,debit,Card,Pune
0a08451c-ef32-469e-b590-83b4d5cea853,2025-02-07,22:07:20,Food,Swiggy,572,debit,Card,Pune
f9fc7ad3-0d88-40fa-bac5-fd87d804e566,2025-01-21,09:53:31,Entertainment,Hotstar,1419,debit,Cash,Pune
25499c94-c2a1-4cf6-a638-f85099725f06,2024-12-22,23:53:33,Entertainment,BookMyShow,913,debit,Cash,Pune
e66ad9c2-9bd9-4693-87f3-32fea87b6225,2025-06-09,09:26:47,Transport,Ola,1119,debit,Netbanking,Pune
e553f396-2d69-4e61-811e-3f78de5ba458,2025-05-24,10:25:22,Food,Zomato,1068,debit,Netbanking,Pune
f1040163-8d17-4499-9a6f-8d38912284e1,2025-03-22,08:48:24,Entertainment,Netflix,389,debit,Netbanking,Pune
4455a00c-f70c-49c0-99a4-a5965c7b5081,2025-04-29,09:51:12,Education,Vedantu,2108,debit,Netbanking,Pune
c9ce966d-49cb-492f-95a4-01ea2e22ea12,2025-06-05,08:28:14,Transport,Ola,275,debit,Netbanking,Pune
fe459bd7-5eaa-4630-8f42-11216ba00974,2025-03-17,11:44:16,Food,Zomato,384,debit,Netbanking,Pune
044984cc-e495-4edf-84ba-bfbb8cc4f884,2025-04-15,09:16:29,Education,Byjus,1949,debit,Netbanking,Pune
76d6354e-124a-4555-9476-989097a84464,2025-01-27,19:50:29,Entertainment,Hotstar,1251,debit,Cash,Pune
0bfa34a6-7092-4c44-aac9-48dc88c62fa0,2025-05-24,16:11:39,Food,Swiggy,1101,debit,Card,Pune
2828be9b-c05b-413a-b71a-f1be90a0122a,2025-05-25,18:10:32,Education,Vedantu,2080,debit,UPI,Pune
b4b2c3aa-43ef-4e89-9e08-f6a195c8c264,2025-01-31,23:56:55,Education,Unacademy,1031,debit,Card,Pune
9e5dc51c-82da-4e8b-a17e-403bf136bfcc,2024-12-21,19:24:48,Food,Zomato,278,debit,Netbanking,Pune
9afdeaee-4287-4908-9239-7a7c69814084,2025-01-01,18:49:59,Food,Dominos,1178,debit,Netbanking,Pune
d276647f-482f-4a07-b909-e7d78a22efa6,2024-12-22,08:40:00,Recharge,Airtel,349,debit,UPI,Pune
366bb5a9-67b0-459d-b967-78d03f8eff50,2025-03-17,17:23:53,Transport,Uber,181,debit,Cash,Pune
09fa3a95-738d-4c2b-bc99-b36e443b4216,2025-03-20,19:27:29,Entertainment,Hotstar,1225,debit,UPI,Pune
249f170c-60e6-40fb-a449-6dbe8c295112,2024-12-25,12:48:12,Transport,IRCTC,163,debit,Netbanking,Pune
8b9d7b82-696a-457e-a9fd-e41dbb732c28,2025-04-18,20:07:42,Recharge,Vi,179,debit,UPI,Pune
ddf8c982-4de3-40e2-9a0c-16b0745ca19a,2025-04-02,14:24:14,Education,Unacademy,1695,debit,Card,Pune
1bf537b7-b082-4217-ab8c-2b3499a04e0d,2024-12-24,14:07:39,Books,Flipkart,1157,debit,UPI,Pune
cf781a8d-b6fd-43d1-883a-3b4c6624681f,2025-04-17,23:17:38,Food,Dominos,766,debit,Netbanking,Pune
ae031702-4390-4a53-8c5c-6d82ea99ea6b,2025-04-20,18:30:02,Food,Swiggy,1412,debit,Netbanking,Pune
afd80134-9521-45c8-b124-154e33e60aba,2025-03-29,08:53:45,Food,Dominos,661,debit,Netbanking,Pune
605c908b-5f6a-48a5-8fdb-9c76f4bfa5a1,2025-06-25,13:31:57,Transport,IRCTC,441,debit,UPI,Pune
17bcc15c-9bef-40cf-9f99-cf2b7ee5f420,2025-03-30,20:04:03,Food,Dominos,1050,debit,Cash,Pune
bc81b39d-6e71-4498-89b9-84ac3bab8e5b,2024-12-12,15:37:08,Food,Swiggy,566,debit,Netbanking,Pune
979a3c4c-2217-4335-b76e-29e245c9bad6,2025-04-07,14:30:41,Food,Swiggy,994,debit,Card,Pune
7b05f485-8e70-498a-985a-d5eeb0c2362b,2024-12-23,17:09:30,Entertainment,Netflix,911,debit,Netbanking,Gangtok
9cd72c2f-7ce0-47e9-8e6e-036c3929eec6,2025-02-24,20:26:49,Food,Dominos,387,debit,UPI,Pune
20298ca0-1857-4a93-a817-3ef4e73a3f7c,2025-06-27,22:30:08,Transport,Ola,110,debit,Cash,Pune
c6166738-b2d7-471b-b6b8-e4114711e3e6,2025-04-29,20:22:31,Education,Unacademy,1917,debit,Card,Pune
1c20f4e5-7952-418b-865c-fb4c533f4983,2025-05-10,09:50:50,Transport,Ola,574,debit,Netbanking,Pune
e041007b-b6fa-46f2-a541-b8a77107a2ba,2025-06-29,21:23:42,Transport,Ola,1424,debit,Card,Pune
f13fd3d0-7764-4b80-bad3-c84b307b97fa,2025-03-22,17:43:27,Entertainment,Hotstar,887,debit,Netbanking,Pune
479ffbdb-35ad-4a51-a108-bfb06506d96a,2025-04-04,16:46:46,Transport,Ola,1038,debit,UPI,Pune
acd5901d-562a-47da-be2c-e65c9f399b5d,2025-06-05,20:37:23,Education,Byjus,2090,debit,Netbanking,Pune
e7dee609-7cad-4317-91bc-252edd7cd7ad,2025-07-04,19:19:36,Transport,IRCTC,1420,debit,UPI,Pune
4d66fb60-c950-45d8-beca-f82e49ac3526,2025-01-30,19:47:46,Recharge,Vi,199,debit,UPI,Pune
5a5bf5be-512c-46e0-a179-4b968803859c,2025-07-07,23:38:36,Education,Byjus,24390,debit,Card,Pune
ec063603-ca7f-4b46-9dd5-3caf1049dd08,2025-05-10,15:52:23,Entertainment,Netflix,850,debit,Card,Pune
d79cd74e-2480-4872-8fdf-9aa5a8b25047,2025-04-03,08:34:10,Education,Unacademy,1818,debit,UPI,Pune
18beb71a-bf5f-449a-af50-eb63e81a851e,2025-01-05,23:32:36,Education,Byjus,1867,debit,Cash,Gangtok
2bbaa12a-53ed-45fb-b8b3-8c418b527c17,2025-06-09,21:38:46,Transport,Ola,1266,debit,UPI,Pune
a68ef911-addc-4f6d-b547-1b96b324234f,2025-06-08,16:38:55,Entertainment,Netflix,1225,debit,Netbanking,Pune
b9743de1-1fb1-4469-a56e-b3995e7acb33,2025-02-26,15:22:07,Education,Vedantu,2160,debit,Netbanking,Pune
ea06df3d-efdf-44d2-b5be-b67a05911960,2025-04-02,13:31:56,Food,Dominos,1187,debit,Netbanking,Pune
3cdac082-1728-4d67-b53b-a5ff2d4dcad3,2025-06-26,12:37:52,Recharge,Jio,149,debit,Netbanking,Pune
c63955c1-85ae-42c7-bd8a-96720ffb38b9,2024-12-15,18:05:35,Education,Byjus,2452,debit,Netbanking,Pune
80fdb163-63c8-4c72-89b6-cb440cff1ad2,2024-12-29,20:15:06,Education,Byjus,2169,debit,Card,Pune
735bbf29-7c98-4a4f-8ba3-ef97885c65e9,2025-02-15,15:05:43,Entertainment,Netflix,266,debit,UPI,Pune
ef8a6f25-f3c4-4fe3-b59a-5faa94f9d45f,2025-07-03,10:13:29,Books,Kindle,476,debit,Netbanking,Pune
d655f2b6-9159-4061-bb69-1404249282c9,2025-05-29,10:19:07,Education,Vedantu,1639,debit,Card,Pune
e0f5a013-c87a-4eba-894c-eb1be04bb230,2025-05-10,19:16:45,Entertainment,BookMyShow,1116,debit,UPI,Pune
a78b968f-d175-49ef-a733-fadcb841dc4e,2025-04-01,20:52:28,Entertainment,Netflix,1034,debit,Card,Pune
3c5d851e-83b5-4ce9-ae31-195cbdb49ab3,2025-06-17,21:43:12,Food,Zomato,438,debit,Card,Pune
0445dcfc-53eb-4c80-9e17-dffdf6bb412c,2025-03-28,19:22:53,Food,Zomato,680,debit,Card,Pune
8d565fa5-3039-4b86-9f14-84b688887fdb,2024-12-20,11:21:54,Education,Unacademy,1390,debit,Card,Pune
be8cf07d-7922-4032-9b66-e14e511930b8,2025-03-27,12:13:18,Education,Vedantu,1264,debit,UPI,Pune
51d6bb3b-c208-45e8-985f-3a8cbe4f27c5,2024-12-24,22:12:17,Education,Unacademy,1048,debit,Cash,Pune
7196703e-7ed0-4aa3-bca3-da781ff0c3d4,2025-05-03,14:47:39,Entertainment,Netflix,666,debit,Cash,Pune
202f0380-1d96-4793-9417-8daa3f11915a,2025-05-01,20:19:02,Entertainment,Hotstar,412,debit,Cash,Pune
3b246a4d-984c-4073-8f32-05d114135247,2025-01-11,21:04:32,Transport,Uber,1189,debit,Netbanking,Pune
faef13fa-6a82-4097-98d8-e436160d66c2,2025-07-07,23:28:16,Transport,Ola,362,debit,UPI,Pune
c1ebcc1f-ebd9-40a7-9903-2af1e4dfe559,2025-06-01,18:25:12,Recharge,Airtel,239,debit,UPI,Pune
0ab607a0-f954-4e0a-a188-47bff183749d,2025-06-29,18:29:18,Education,Unacademy,1526,debit,Card,Pune
e2f03547-b116-491b-8791-e1ee97b8a5fe,2025-05-19,19:09:21,Education,Vedantu,1073,debit,Netbanking,Pune
82839339-347e-4015-badf-3aa79016fe8e,2025-05-27,13:07:09,Entertainment,BookMyShow,217,debit,Cash,Pune
329b84d2-c3a0-4182-8bf4-e08ec7e258f0,2025-03-23,17:49:30,Transport,IRCTC,237,debit,Netbanking,Pune
8ff25bf1-779e-4582-a2a0-2656fa889220,2025-07-03,09:17:00,Transport,Ola,1160,debit,UPI,Pune
b19e3b28-ff9e-4f31-badf-3c0e4c541d70,2025-04-16,22:12:54,Entertainment,Netflix,1485,debit,Netbanking,Pune
05e82473-eb21-4bd8-9a91-1382e08604e3,2025-02-15,20:06:53,Entertainment,BookMyShow,1297,debit,UPI,Pune
2315e828-af12-44bd-9837-a652d4eb93e5,2025-05-27,15:06:04,Entertainment,BookMyShow,1461,debit,Netbanking,Pune
91127fb2-8545-4b16-be09-2e961bfbd390,2025-03-26,22:31:59,Food,Dominos,901,debit,Netbanking,Pune
409ce2d8-ddea-4ed9-8cf2-81551de618a5,2025-05-03,20:49:17,Food,Dominos,237,debit,Card,Pune
0edf2d5e-ea43-4a9a-8b84-f635c1e27570,2025-04-21,22:02:11,Education,Byjus,1762,debit,Card,Pune
a5c24f46-80bc-48c3-b887-8cd2d97f7eb1,2025-01-10,14:46:07,Education,Vedantu,1256,debit,Cash,Pune
a89ee5cd-b0d0-460c-8ccf-efc72b440fdf,2024-12-15,09:01:21,Transport,IRCTC,271,debit,Netbanking,Pune
bcddf20c-40ab-49b4-b97f-3af689240a41,2025-01-06,11:00:20,Transport,IRCTC,1246,debit,Netbanking,Pune
52daf713-fe34-49ef-9614-cc74ec579172,2025-03-29,11:31:31,Food,Zomato,404,debit,Card,Pune
d046fe81-e291-417b-9092-6b67a35865d7,2025-06-22,09:22:17,Transport,IRCTC,1287,debit,Card,Pune
ff30ab5a-af73-4614-97b5-171e9a6c1dac,2024-12-24,11:42:16,Recharge,Jio,149,debit,UPI,Pune
b4cd2a24-4c18-4963-b604-7ba61c8be86a,2025-03-13,20:02:23,Entertainment,Netflix,1073,debit,Cash,Pune
b30c74b0-45b7-4e7d-9282-7fc9b8dcf6c7,2025-05-30,10:25:04,Education,Unacademy,1524,debit,Card,Pune
3c2e783d-6b8d-47e4-b054-aa1080974944,2025-03-31,13:38:07,Education,Vedantu,1489,debit,Netbanking,Pune
62f0fb27-3b18-40b6-8cd1-9993cdf29a8b,2025-03-05,13:36:51,Entertainment,Hotstar,377,debit,UPI,Pune
70e45b55-9e1a-494a-a8bb-2d4086ec1ff0,2025-06-30,10:52:25,Books,Flipkart,932,debit,UPI,Pune
5eaff6a7-76e9-4417-83ac-7e24083d2419,2024-12-13,13:15:10,Transport,Uber,642,debit,Card,Pune
7434440e-84e7-4c44-925b-e07f8a0954d3,2025-06-13,16:14:38,Entertainment,Hotstar,809,debit,UPI,Pune
c6ac7c10-87bd-48a8-a019-77dd7eec59ce,2025-04-03,11:53:59,Entertainment,BookMyShow,960,debit,Netbanking,Pune
58084240-d011-4c21-b7b0-85a7f69b90f2,2025-01-23,14:17:37,Education,Vedantu,2263,debit,Card,Pune
54cda8ab-fb14-4824-a67d-e99103f1eece,2025-04-27,20:44:30,Transport,Ola,709,debit,Card,Pune
e3fb8f73-841a-46ff-8d85-4dc72caada9c,2025-06-06,19:59:47,Food,Swiggy,1020,debit,Card,Pune
951f597b-e747-4f3f-bd05-610680a9f7e3,2025-03-02,16:07:47,Education,Vedantu,1495,debit,UPI,Pune
9679114e-4ed4-4df9-9bf2-476a3ecd2ef6,2025-07-05,10:17:42,Entertainment,Netflix,352,debit,Card,Pune
44faa088-6077-4c8c-ac06-cb1192ea6df2,2025-06-15,17:57:50,Education,Byjus,1203,debit,Cash,Pune
ee8b8635-e306-4786-bc9b-e2e2eaab1694,2025-05-25,18:40:11,Education,Vedantu,2212,debit,Cash,Pune
f3915d67-88a7-44db-be1c-9e3b7705da9c,2025-01-08,08:16:55,Food,Zomato,845,debit,Netbanking,Pune
13e66b6f-517b-4a79-8d3b-6402e0af723d,2025-01-06,14:36:27,Entertainment,BookMyShow,689,debit,Card,Pune
91284147-a0ce-45ff-a444-9bab446ac3bd,2025-03-17,23:18:00,Books,Amazon,401,debit,Cash,Pune
7f643320-67cb-4eca-be02-45c6d87e6010,2025-04-28,12:17:48,Food,Dominos,1074,debit,Card,Pune
cb8ea6d3-961c-42d6-9782-e21ab0584f08,2025-03-12,14:48:55,Food,Dominos,242,debit,Cash,Pune
70c4ab7a-e36c-46bb-b5ad-005508948f3e,2025-03-08,22:48:47,Books,Kindle,956,debit,UPI,Pune
9a5aafa2-985c-4e0f-8e16-92383791e5c8,2025-05-10,14:00:59,Transport,Uber,918,debit,Cash,Pune
2b8e0447-fa58-49bd-bb71-9ef549f0e501,2025-02-23,16:57:38,Food,Dominos,925,debit,Card,Pune
68c18405-bbc7-461e-af8f-e4ca5965495b,2025-03-07,08:06:09,Recharge,Jio,239,debit,Cash,Pune
a7ca31d5-c668-4638-b975-45b42325ed79,2025-02-09,18:31:50,Transport,Ola,940,debit,UPI,Pune
55f68fa6-8b70-4d54-9fb8-9b5d3ac75a7e,2025-02-14,20:55:37,Books,Amazon,887,debit,Card,Pune
f5f9f789-e68e-458c-a448-9e2618d13e4f,2024-12-24,11:52:38,Entertainment,Netflix,1117,debit,UPI,Pune
7f1938a2-6fff-4401-8165-71fa2d6eab36,2025-03-17,15:46:06,Entertainment,Hotstar,1288,debit,Card,Pune
32017de2-efa2-4825-82a1-abf002353b98,2025-05-18,12:13:16,Books,Kindle,736,debit,Netbanking,Pune
66fe6c20-8dbf-4464-bbfb-18acb34e3999,2025-05-16,19:33:05,Entertainment,Netflix,798,debit,Cash,Pune
70766905-081e-424c-b637-1b7d7efe4a61,2025-05-19,14:24:45,Transport,Ola,234,debit,Cash,Pune
2efe3f58-126f-438b-8b7e-0419a1d315cb,2025-04-09,19:17:31,Food,Zomato,287,debit,Cash,Pune
762f06f8-54aa-498a-9874-e605a79b8d7f,2025-05-04,12:16:42,Education,Vedantu,1873,debit,Card,Pune
00db866b-dcc3-44a8-9504-3ac3ff81591d,2025-05-29,08:36:58,Recharge,BSNL,187,debit,Cash,Pune
14396a0f-9a68-422d-ae4e-e5be5a4266fa,2025-06-23,08:48:04,Education,Unacademy,1357,debit,Netbanking,Pune
4a4d6627-8bfd-476c-90de-bc6d376e54b8,2025-06-09,19:11:26,Food,Swiggy,1361,debit,Cash,Pune
4e9dbd89-eedf-40fb-8a10-b1bfb6600e58,2025-06-08,14:58:40,Education,Vedantu,2212,debit,Cash,Pune
94cabac4-9a2a-47d3-a8b3-290f400e933c,2025-04-16,13:12:01,Transport,Uber,457,debit,Card,Pune
303ebeff-99cd-4ae4-86d6-b91021bc453b,2025-06-12,15:18:36,Entertainment,BookMyShow,468,debit,UPI,Pune
c4f49ce3-1451-4865-86b0-cf8bbb65e615,2024-12-22,15:41:40,Food,Zomato,1240,debit,UPI,Pune
5b6c2133-acae-48d7-b0ea-394215082483,2025-01-24,17:44:13,Food,Dominos,323,debit,Netbanking,Pune
942c3c80-822b-4eec-8618-04082d422a91,2025-02-26,09:20:30,Education,Byjus,1807,debit,Netbanking,Pune
7b7e9c2b-8e4b-4b5a-99db-b697d1bf2858,2025-02-06,10:36:19,Transport,Ola,618,debit,Netbanking,Pune
ab39f01a-1f5c-4be1-8e07-6cdc40cf7b6b,2025-03-07,12:41:04,Education,Byjus,1060,debit,Netbanking,Pune
78e2f035-4f77-4a12-a6a0-f2f956bc0c80,2025-04-13,22:16:40,Education,Unacademy,2194,debit,Cash,Shimla
3a048419-8887-4ecd-9f04-746333288e79,2025-05-10,12:16:21,Food,Swiggy,265,debit,UPI,Pune
2a92c985-9223-421e-8535-2f90405072d2,2025-01-26,12:11:36,Entertainment,BookMyShow,1322,debit,Cash,Pune
3269fc8f-a72d-419d-b37e-055782106f52,2025-05-30,12:22:48,Books,Flipkart,1571,debit,Netbanking,Pune
2b8ab43f-271c-458b-8b1c-fa02427a1074,2025-06-08,11:14:45,Entertainment,Hotstar,1476,debit,Netbanking,Pune
802e5a32-c0ce-4b17-8001-e6b547a7f778,2025-01-01,22:30:21,Recharge,Vi,299,debit,Cash,Pune
4df2224b-67ff-41e8-ac98-7ab06518c219,2025-03-29,14:48:28,Transport,Uber,1001,debit,UPI,Pune
50190e09-a4a5-4294-a2c5-d1a2a3dc4ce7,2025-04-08,21:47:38,Education,Unacademy,2150,debit,Netbanking,Pune
c715980f-73fa-47e2-aa41-5696d832a33e,2024-12-18,13:39:00,Books,Amazon,1606,debit,Cash,Pune
ba55941a-b3ae-4480-9268-4747824bf237,2025-06-04,21:03:05,Education,Vedantu,1420,debit,UPI,Pune
154c5d1d-0aa0-4227-afc4-330fbcff95f1,2025-01-23,13:49:14,Food,Swiggy,1293,debit,Netbanking,Pune
6f9deddc-8a87-4463-a0ab-cb11c87ec703,2025-04-30,17:05:50,Transport,Ola,121,debit,Netbanking,Pune
bf317a7c-dc1b-4606-a115-b0b328b7e44e,2025-03-29,13:39:28,Entertainment,BookMyShow,673,debit,Netbanking,Pune
e8996149-81db-4641-91d5-62a1aa342c7d,2025-02-15,22:00:50,Food,Zomato,1116,debit,Cash,Pune
22deca41-a3da-44fa-9f40-e23ed47e7cd9,2025-06-04,20:56:34,Education,Unacademy,1143,debit,Card,Pune
30af4763-3a3d-4be2-bc15-7aadc2e29bc5,2025-06-28,17:32:21,Education,Vedantu,1334,debit,UPI,Pune
da263f54-3d78-406a-ac4b-5d97a3cc6abf,2025-06-30,20:13:59,Education,Vedantu,1372,debit,Cash,Pune
7c825983-096a-4bd9-a200-a708083e1cbf,2025-07-02,13:43:13,Transport,Uber,1297,debit,Netbanking,Pune
ee9d10fd-5451-4e33-9d9c-a36521f361b6,2025-02-23,22:18:49,Education,Unacademy,1408,debit,Netbanking,Pune
1f232068-ed7a-43ad-9573-bff927bf8987,2025-04-17,22:50:39,Education,Byjus,2199,debit,Netbanking,Pune
df69dbff-fae9-490c-a122-2b5360c392f4,2025-04-29,19:30:13,Entertainment,Hotstar,694,debit,Card,Pune
8cb642ac-b333-441e-8b16-4f85ad22ca54,2025-06-07,14:52:15,Education,Vedantu,1457,debit,Cash,Pune
73274817-1628-426a-b6a9-21e107228c7a,2024-12-24,14:40:21,Entertainment,Netflix,942,debit,Cash,Pune
223f4d32-0f0b-4f14-b4ea-0d3418fd9d81,2025-06-03,22:54:20,Education,Unacademy,1091,debit,UPI,Pune
be132800-2e2e-4340-8d6d-666854afde47,2025-06-21,23:07:10,Food,Swiggy,1088,debit,Card,Pune
d57dbad2-438a-4f7b-ab50-c1d87e9f39de,2024-12-17,22:48:34,Recharge,BSNL,187,debit,Cash,Pune
22f7a38f-afd7-4f94-bb2f-9fb9e9c1463b,2025-05-09,16:10:17,Education,Byjus,1217,debit,Card,Pune
864d803c-ba8e-49e8-9664-6ae06e8ba49f,2025-06-03,08:56:47,Education,Byjus,1536,debit,UPI,Pune
24551455-3e63-4681-a8f1-3242ebca9df3,2025-01-19,18:26:26,Food,Zomato,692,debit,Card,Pune
40c76565-5ee1-486e-bb41-6358da0af30c,2025-06-29,17:38:36,Recharge,BSNL,399,debit,Cash,Pune
ffe6ff7f-0bd1-4179-9897-3441b9770c6b,2024-12-26,15:32:00,Entertainment,Hotstar,100,debit,UPI,Pune
413c55ed-e428-492b-9998-e2a01efd8049,2025-03-12,08:05:56,Entertainment,Hotstar,1445,debit,Card,Pune
12cc429a-83c1-4253-97c3-cd3520b45b2c,2024-12-22,23:37:23,Food,Dominos,971,debit,Cash,Pune
a4046985-224c-4d9e-a96d-234f8e3a66ab,2025-06-22,19:56:32,Recharge,BSNL,319,debit,Cash,Pune
4cfa6227-870c-429f-b61e-be92f7650456,2025-05-19,23:50:01,Entertainment,BookMyShow,825,debit,Netbanking,Pune
0f58f772-7897-461a-9c20-276e7073a259,2025-01-03,19:27:39,Education,Vedantu,1548,debit,Card,Pune
c4afbad6-bda2-4c6e-ab4d-048b8e0eed81,2025-05-16,12:41:38,Education,Vedantu,1473,debit,UPI,Pune
42990dd6-f65a-4a6c-932c-da9e257a416f,2024-12-18,23:24:17,Transport,IRCTC,1384,debit,Cash,Pune
a0f6fd99-ab3b-406b-b6c8-154c9e1d6e51,2025-01-05,22:08:25,Education,Unacademy,18130,debit,Netbanking,Pune
ae3ee55e-39b7-4298-b2d6-15c9ff31c754,2025-04-05,08:08:00,Books,Amazon,852,debit,UPI,Pune
aa7c671d-a72d-4c08-a14c-04f4f1e85338,2025-06-18,13:44:25,Food,Dominos,821,debit,Netbanking,Pune
348910e9-4dc3-4e16-bca2-d166327498ad,2025-02-17,20:13:34,Transport,Uber,1190,debit,Card,Pune
e88f707b-0ef8-45a7-809c-1049065edd70,2025-01-07,10:28:12,Entertainment,Netflix,1111,debit,Card,Pune
440b2603-dafc-4e26-a04a-f5347ef99c85,2025-03-19,12:49:08,Entertainment,BookMyShow,849,debit,UPI,Pune
37985c20-c742-4248-ae08-255647e8a1bc,2025-04-17,16:32:04,Recharge,Airtel,399,debit,Netbanking,Pune
d5d618c8-3470-4432-a435-36a0de76c922,2025-05-19,08:50:17,Entertainment,BookMyShow,1480,debit,Cash,Pune
44a8678f-cf44-4b23-9a84-4eee9df09cd6,2025-01-22,13:13:05,Education,Byjus,1823,debit,Netbanking,Pune
306cbd54-c665-4156-99f4-5e016be63b7f,2025-01-24,16:31:21,Transport,Uber,785,debit,Netbanking,Pune
0ba78a83-8dff-486b-a6bb-1da4778fd9e8,2025-02-19,22:12:18,Education,Byjus,1007,debit,Netbanking,Pune
0e320244-18f6-4570-b782-b82ee1bbc92e,2025-06-10,18:33:45,Food,Swiggy,717,debit,UPI,Pune
8e3b89a0-0cdb-488c-9928-90749cc08f84,2025-06-08,13:11:35,Food,Zomato,6190,debit,Card,Pune
743444d5-bccc-4bc7-8d1b-9255ba74c104,2025-01-16,13:41:43,Food,Dominos,135,debit,UPI,Pune
fe88272e-43d2-457c-b3ac-34204019b6b6,2025-03-04,08:35:05,Food,Swiggy,421,debit,Cash,Pune
3749be8a-a1c3-4074-b9da-bb9558fe5b6a,2025-07-02,08:56:19,Entertainment,Netflix,236,debit,Cash,Pune
e62dbb6a-3b57-474c-b7cb-5f511c251a80,2025-06-19,21:03:51,Food,Zomato,549,debit,UPI,Pune
afd9ba6f-a785-40ed-a113-83e0958932cb,2025-05-25,23:19:16,Recharge,BSNL,399,debit,Cash,Pune
15cc7cda-053d-4f87-abe1-f01efd65b9a9,2025-03-30,08:45:46,Entertainment,BookMyShow,871,debit,Netbanking,Pune
6b1ae083-a71a-49e5-ab12-d3a0c32faf65,2025-05-23,18:41:55,Food,Dominos,128,debit,Card,Pune
38f20b9c-bc96-410e-b64e-e23c98d9fbdf,2025-01-21,20:32:19,Recharge,Airtel,299,debit,Netbanking,Pune
0c1091dc-38e4-4af9-a9d8-608d6749a58f,2025-02-13,15:53:08,Food,Dominos,449,debit,Netbanking,Pune
4926fff0-a140-43a8-88fd-ba3cca22fb55,2024-12-27,22:20:11,Recharge,Airtel,299,debit,Netbanking,Pune
44aeb300-61cb-451f-bc1e-db143441990c,2025-02-07,12:13:36,Recharge,BSNL,187,debit,Card,Pune
adc4cea1-ec25-4feb-b419-8fb9c5797d41,2025-06-17,19:06:01,Food,Swiggy,1378,debit,Card,Pune
29deb3de-b287-4128-b054-f1335e20d8ba,2025-01-23,11:50:13,Books,Flipkart,903,debit,Cash,Pune
ae48c446-5891-4626-b901-387c85998914,2025-01-19,10:54:11,Transport,Uber,123,debit,Netbanking,Pune
c7cedada-1945-4e8b-ae45-205e4d8ecc1b,2025-01-24,08:35:59,Food,Dominos,157,debit,UPI,Pune
d021cd9e-45e6-40f7-8b10-4b445b6a3b45,2025-05-07,18:45:29,Books,Flipkart,942,debit,Netbanking,Pune
f971cfbb-f15e-4e58-8991-aa9b73b2286d,2025-05-24,13:16:26,Education,Unacademy,1600,debit,Netbanking,Pune
ba36be51-fce6-4207-a094-a6930061dcc0,2025-02-11,08:24:08,Entertainment,Netflix,278,debit,Netbanking,Pune
0e5226a2-df47-479a-9d10-67e0c1bb449f,2024-12-23,13:38:33,Transport,IRCTC,836,debit,UPI,Pune
caae326a-b08a-4d33-bc2e-2fb0b1fa31f3,2025-04-12,08:54:33,Transport,IRCTC,638,debit,Netbanking,Pune
b9468788-d195-4c67-9f3b-489a590298ce,2025-06-02,19:48:11,Recharge,BSNL,399,debit,Card,Pune
93064364-3860-465d-a306-b61830b7a59a,2025-06-13,08:59:05,Education,Vedantu,1263,debit,Netbanking,Pune
89c2cacb-09cf-4dac-8227-2c35ea42c288,2025-02-26,12:15:17,Entertainment,BookMyShow,252,debit,Netbanking,Pune
e28e5ada-833e-4275-ae1b-85949b229995,2025-01-12,19:21:55,Education,Unacademy,1703,debit,Cash,Pune
9588946e-8483-4c34-92e8-54a00342b722,2025-03-16,15:10:37,Books,Flipkart,1508,debit,Card,Pune
67f2c2f4-df97-4858-a5d9-3d9db016f57a,2024-12-26,15:39:24,Entertainment,Hotstar,1198,debit,Cash,Pune
d770f2c9-b2f6-4993-8aa9-a88eed2799e0,2025-06-10,08:28:04,Food,Swiggy,795,debit,Card,Pune
d6068ccd-111c-48f5-ba1d-d70df6bbded2,2025-04-11,09:54:37,Books,Amazon,850,debit,Card,Pune
09e9b1ce-9d31-4bc6-a481-1c4403ee8c12,2025-03-10,08:02:44,Food,Swiggy,1435,debit,Netbanking,Pune
d7eb344f-1bbd-4793-af61-4ecb9cc86b2e,2025-05-05,23:27:56,Books,Flipkart,1421,debit,Netbanking,Pune
50f355d1-b61f-4753-946b-6a4e2d64ebbe,2025-05-14,13:36:05,Entertainment,BookMyShow,588,debit,Netbanking,Pune
dfc2854f-394a-45f7-b590-3aa8344be4ee,2024-12-28,18:46:44,Food,Zomato,1058,debit,Netbanking,Pune
ce51a560-b486-46b5-8832-c93abae2232c,2025-05-08,14:14:56,Entertainment,BookMyShow,856,debit,Card,Pune
38170dab-3673-403f-b01b-d3df8f7ac830,2025-04-09,17:14:01,Food,Swiggy,1120,debit,Cash,Pune
e34c99a7-9a6d-47b5-b60b-6f2584be8e68,2025-01-25,10:53:55,Education,Vedantu,1586,debit,Cash,Pune
c89bf2c7-6a78-4028-adbb-c3234bd3d15e,2025-01-10,15:12:56,Food,Swiggy,1456,debit,UPI,Pune
842df017-113e-44f2-97a7-90ff8fd51a92,2025-02-28,10:44:25,Education,Vedantu,1022,debit,Netbanking,Pune
015e46e9-a860-4d3f-9fba-b01e7a934b14,2025-03-18,11:16:00,Entertainment,BookMyShow,943,debit,UPI,Pune
66b5ce5b-2d37-4f11-9653-9f86d22578e8,2025-04-15,19:42:37,Transport,Ola,327,debit,Netbanking,Pune
cd1409ec-f5a4-4f12-9e79-a5e5144c93cf,2025-03-12,22:21:30,Entertainment,Netflix,1031,debit,Cash,Pune
b96caae5-2a1d-4ccf-88fd-8c5bb4966ad0,2025-05-23,23:29:01,Transport,IRCTC,629,debit,Netbanking,Pune
3970d891-e4ac-4200-8be0-5be8cbbc6570,2025-05-17,20:16:04,Entertainment,Hotstar,1214,debit,Netbanking,Pune
7a242b56-aa54-4296-b09e-b5ff59a58694,2025-04-10,13:43:43,Transport,Ola,1319,debit,Card,Pune
3a45a731-b790-4a27-b821-9621b3b132e4,2025-06-14,18:06:00,Entertainment,BookMyShow,226,debit,Netbanking,Pune
f27a3509-2080-4bad-a474-7789f735b490,2025-02-23,17:46:07,Education,Unacademy,1911,debit,Netbanking,Pune
92da813d-f9f7-4358-94a5-5484f105a2bf,2025-04-02,22:25:40,Food,Zomato,1069,debit,Netbanking,Pune
2c966d6a-a10b-4f27-9826-49fa420175f1,2025-04-15,17:15:31,Transport,Uber,1117,debit,UPI,Pune
4870b94c-4c83-40e7-8d76-e2522e775625,2025-02-10,18:57:47,Education,Byjus,1390,debit,UPI,Pune
e23e937f-7a6f-42b7-bdaf-4a14e0ed1d8c,2025-01-19,09:24:09,Education,Unacademy,1685,debit,Netbanking,Pune
78ae4ce9-9faa-4fbd-91fe-10773f329e66,2025-04-09,17:50:21,Transport,Uber,1381,debit,Card,Pune
b79a7bed-02a8-4c78-9fc4-5f13a4e9ac1c,2024-12-26,20:00:55,Education,Byjus,1254,debit,Netbanking,Pune
15dbb4d4-2919-451f-997c-031f94672d60,2024-12-21,22:31:05,Food,Zomato,1104,debit,Card,Pune
b4231b70-0d05-4d15-ad86-dcca692eddf8,2025-06-17,22:53:03,Education,Byjus,1485,debit,Cash,Pune
13b1f74d-d52f-431b-b7be-2783743a1e3b,2025-05-28,23:11:25,Education,Unacademy,1115,debit,Card,Pune
3f68faa7-e004-47c2-8dee-bcf2b034fb2d,2025-01-26,18:29:07,Entertainment,BookMyShow,1397,debit,Card,Pune
6313de57-3d5d-4526-bd4a-e5976a0aefdc,2025-06-28,23:00:08,Transport,IRCTC,505,debit,Card,Pune
090609ec-725e-4906-bfdb-20dd063f15c2,2025-04-14,21:19:31,Food,Swiggy,1167,debit,UPI,Pune
0a9ee14a-e57b-4437-8b5f-69953e723fbc,2025-03-18,22:45:21,Entertainment,Hotstar,643,debit,Netbanking,Pune
88187680-61ae-48d4-9a5b-f33d9cc6a6ce,2025-02-14,22:50:02,Recharge,Jio,239,debit,UPI,Pune
c5dbfab6-45b8-4441-829d-6aa19b1b4ec4,2025-04-30,19:07:36,Books,Kindle,986,debit,Netbanking,Pune
ed1b704a-d104-44f4-8594-284ec3954471,2025-04-08,15:27:29,Entertainment,BookMyShow,103,debit,UPI,Pune
8eb0a507-860c-48fe-b2fc-8596ac4c0fdc,2025-03-24,11:28:12,Education,Byjus,2086,debit,Cash,Pune
fce20394-3fa5-4b6d-9963-f264c94674c8,2024-12-10,17:46:46,Books,Flipkart,1540,debit,Netbanking,Pune
c935476b-0ff4-47a1-8de9-cfc1187a603a,2024-12-31,09:01:10,Entertainment,Hotstar,195,debit,Netbanking,Pune
4844b36f-a183-4f27-a11a-71242a5d3eb6,2025-01-27,19:54:20,Transport,IRCTC,369,debit,Cash,Pune
112b439a-d4cd-49fe-bed0-74f6fa7f5c96,2025-05-23,15:18:15,Recharge,BSNL,399,debit,Cash,Pune
5e87d234-7f35-4382-ac59-da836e2abf2f,2025-04-24,09:08:04,Food,Dominos,1099,debit,UPI,Pune
d57ce967-61f6-498b-95fd-646982ad7ddb,2025-01-31,21:20:46,Education,Unacademy,2322,debit,Cash,Pune
dd281b8a-842c-4cec-919a-694a04c8c38f,2025-03-23,19:55:18,Books,Amazon,823,debit,UPI,Pune
e9afc7a4-29a1-4698-8e42-a4cbf9773f43,2024-12-19,15:17:23,Education,Byjus,1515,debit,Cash,Pune
e01e8bd1-f2e3-474c-b9a4-8f85f8dfdacd,2025-02-16,08:19:30,Transport,Uber,1407,debit,Cash,Pune
b6140e06-8869-4687-b31f-09cc3fa22238,2025-07-02,12:31:43,Transport,IRCTC,416,debit,Card,Pune
c0f13c95-1a55-40c9-b5bc-528e432b7187,2025-01-03,12:31:48,Recharge,BSNL,319,debit,Card,Pune
38152905-040e-47f0-8f6c-4c9b0e0aa58b,2024-12-30,12:08:01,Books,Kindle,1574,debit,UPI,Pune
b3ecf69b-8446-4d5a-82cd-0c92bc1e23f3,2025-04-08,11:38:37,Food,Dominos,919,debit,UPI,Pune
a1d94194-9c3b-4b9e-9a52-496972347927,2025-05-21,12:20:09,Education,Unacademy,1640,debit,UPI,Pune
4c6b2bd4-e0ef-458b-9b48-e886a4410fa8,2025-05-21,16:46:26,Food,Swiggy,506,debit,Netbanking,Pune
06839019-c7fb-47a7-b50c-ca85409b9eab,2025-05-01,21:07:41,Food,Dominos,1390,debit,Netbanking,Pune
025554fa-c4e0-4773-8f43-1e8127f4b4c5,2025-01-02,18:27:32,Food,Dominos,1206,debit,Cash,Pune
1edf4a00-3db9-44c2-8f45-7b50d3b7a710,2024-12-27,20:33:03,Education,Unacademy,1627,debit,UPI,Pune
d336e0f5-2f00-4834-930b-20a495517cfb,2025-01-31,16:33:21,Entertainment,Hotstar,1026,debit,UPI,Pune
09bdafd4-517e-4b4a-bcaf-c35176933852,2025-01-22,14:37:31,Recharge,Jio,199,debit,Cash,Pune
6ac2dc3a-e4b7-4c05-b370-fcf692a5119a,2025-03-06,23:28:07,Education,Byjus,1480,debit,Netbanking,Pune
4e1f1df9-dc6e-49dd-94c4-f5c8f796e087,2025-04-15,08:16:55,Entertainment,BookMyShow,529,debit,Cash,Pune
52fe9e60-398c-4019-877f-f7a7ebf7b86e,2025-02-04,18:48:33,Transport,Uber,679,debit,UPI,Pune
ea5bafe0-7917-434d-be25-a159b66e5374,2025-06-20,21:01:14,Food,Dominos,137,debit,Netbanking,Pune
90514f61-f28f-445c-b549-849204b52a67,2025-02-14,10:14:47,Food,Zomato,414,debit,Cash,Pune
ed46c9c1-8be9-48ec-a517-bbd8e83821a3,2025-06-03,19:40:46,Food,Zomato,413,debit,Card,Pune
fd1a657d-40fd-4d94-8d02-669784a0dd93,2025-07-01,18:26:36,Education,Byjus,1199,debit,Netbanking,Pune
26cd15a6-f8ce-4c77-908d-299e47ca0d8e,2025-04-27,11:13:45,Entertainment,BookMyShow,1149,debit,Card,Pune
95083151-a5cf-459d-b4da-5ea399a0f735,2024-12-17,23:07:33,Entertainment,Hotstar,524,debit,Netbanking,Pune
3136e682-efba-402c-8be5-840befc8f46f,2025-02-10,19:01:40,Transport,IRCTC,516,debit,Cash,Pune
87f7303f-9b6b-4220-85af-2c5def9a01d7,2025-01-04,13:27:00,Books,Amazon,1430,debit,UPI,Pune
fc7f9b94-3009-43a3-ae2e-b99848905573,2025-02-04,18:44:23,Transport,IRCTC,1075,debit,Card,Pune
80421d08-f2c3-4606-9adf-07ecab6a7f6d,2025-06-10,10:22:28,Food,Swiggy,704,debit,Cash,Pune
868d3350-7514-4b1f-9827-31a7ee8ae054,2025-04-15,20:48:04,Entertainment,BookMyShow,624,debit,Netbanking,Pune
09529e06-c821-4f23-8356-8c420301db5f,2025-06-19,11:59:41,Entertainment,BookMyShow,1335,debit,UPI,Pune
5b1830bf-9f74-4a3c-a1a2-7abb279c3d6d,2025-05-21,09:24:08,Education,Unacademy,1859,debit,Card,Pune
7ce4e0d0-be7b-476c-a2d8-e8a73f373bd6,2025-01-01,20:40:07,Food,Swiggy,1047,debit,Cash,Pune
3e4a1d55-a0f2-4078-b44b-62f1c15e7fad,2025-01-31,09:57:36,Transport,Ola,404,debit,Cash,Pune
ff19dd03-4ca5-4653-8e47-6e4c96293aa2,2025-02-18,21:21:44,Recharge,Vi,269,debit,Card,Pune
dfc73b2e-8ef0-4af7-b30b-b9c49ff9578a,2025-05-07,21:04:53,Transport,Ola,466,debit,UPI,Pune
af84c89e-15c5-4500-b138-7cd61788c7c6,2025-04-28,20:11:04,Education,Unacademy,1929,debit,Card,Pune
88274446-f31a-4e38-bafe-7cbbf12d11e3,2025-06-05,18:15:50,Entertainment,Hotstar,888,debit,UPI,Pune
7bdfc017-4d37-44a2-b3f7-13bd4f33e5c6,2025-03-28,10:49:22,Transport,IRCTC,1357,debit,UPI,Pune
54f0fa4e-6248-4395-ba7e-c5e40323dbc2,2025-01-17,15:56:49,Transport,IRCTC,964,debit,Cash,Pune
2cbbff54-7fcc-4f93-8959-3d5c06152938,2024-12-27,09:20:27,Education,Vedantu,2102,debit,Cash,Pune
6efcf3f8-4811-4625-bebe-d4e57a7f673f,2025-02-15,17:08:28,Transport,Uber,514,debit,Card,Pune
fd410b39-1ea4-4d50-8dde-097b7165e440,2024-12-11,16:06:09,Food,Dominos,145,debit,UPI,Pune
b72a8c97-a5f6-4586-a9ba-fcea30afec34,2025-01-21,18:02:52,Food,Dominos,796,debit,UPI,Pune
83f47663-37e0-4e0e-a197-e888713d0d89,2025-03-25,17:25:10,Food,Dominos,294,debit,UPI,Pune
229fa336-b9eb-4a7f-892e-25d44c1ac0b6,2025-03-21,17:07:44,Recharge,BSNL,247,debit,Netbanking,Pune
e0a1680f-1b0c-4b10-8aff-3491bff40732,2025-03-02,20:19:48,Recharge,Airtel,399,debit,Netbanking,Pune
a3095326-e515-43eb-80be-c78ef576591f,2025-06-18,19:00:44,Entertainment,BookMyShow,806,debit,Netbanking,Pune
3f2206f7-a724-494e-be7d-397dfd439dcb,2025-06-26,08:08:04,Education,Vedantu,1972,debit,Card,Pune
e8a97e1c-99fc-4318-82e7-1ebf53d29bfd,2025-03-27,10:56:13,Education,Vedantu,2362,debit,UPI,Pune
8aab8e6d-18c8-4ce9-ab15-13e2df65c075,2025-03-20,10:29:17,Entertainment,BookMyShow,452,debit,UPI,Pune
43589c77-84ad-4a8b-a54a-0d518ebd5718,2025-05-25,15:47:41,Transport,IRCTC,927,debit,Card,Pune
22758b8b-ed87-4186-9500-603627ab4339,2025-06-23,08:42:30,Entertainment,Netflix,163,debit,Card,Pune
c83baaf3-dec4-4322-aedf-b5ebb09afe35,2025-02-28,09:28:46,Recharge,BSNL,247,debit,Netbanking,Pune
9a20bfcb-824f-4ff4-a56c-6014e77f5973,2025-02-18,11:39:30,Entertainment,Hotstar,211,debit,Card,Pune
3e6d7f5d-b66e-41b9-bb53-2b003c79dde3,2024-12-20,21:50:44,Transport,Uber,960,debit,Card,Pune
91db170e-f669-44ae-9117-c2ffd43d1572,2025-06-21,16:59:54,Education,Byjus,1748,debit,UPI,Pune
db7c1c87-bd34-42aa-b564-2b1854a0d8de,2025-03-09,15:32:09,Food,Zomato,732,debit,UPI,Pune
ec20ac1b-b4b8-4298-9028-08562b9d63a5,2025-03-24,15:29:22,Education,Byjus,1786,debit,UPI,Pune
a18ee586-23ec-4c08-a11c-d925c65e6c98,2024-12-27,23:09:11,Books,Kindle,1278,debit,UPI,Pune
23513a56-5d7c-4261-b6e6-83b90f864760,2025-05-31,16:20:52,Entertainment,BookMyShow,461,debit,Card,Pune
83c9f566-bd55-4f53-82c6-838f954528ac,2025-07-01,13:58:17,Recharge,Jio,239,debit,Card,Pune
375e49cf-ece3-481c-9de9-0b40e8b9babf,2025-02-11,12:11:43,Recharge,Airtel,239,debit,Card,Pune
b0ea3008-ae5c-45cc-8444-3c02961455d6,2025-01-02,15:59:46,Transport,Ola,730,debit,Cash,Pune
4e24e1d5-0682-4056-958a-a9ea333774df,2025-03-29,17:26:35,Food,Dominos,1388,debit,Netbanking,Pune
bbb9f24f-66ff-4d31-8270-b3a866211942,2024-12-31,22:09:52,Food,Swiggy,1160,debit,Cash,Pune
76bb15ab-1dc0-45d7-b741-22cb1b250ab9,2025-01-21,08:51:10,Food,Dominos,255,debit,Card,Pune
42b4589c-f3c9-4a6d-b578-0de5cb35061e,2025-01-24,23:51:03,Education,Unacademy,2482,debit,UPI,Pune
d71b1d57-3ec5-4ecb-960c-0cbb6620738b,2025-04-08,10:29:29,Education,Byjus,2090,debit,Cash,Pune
56cc63ee-8800-43ec-b5bc-5311f42fe00c,2025-05-27,08:38:27,Entertainment,BookMyShow,1395,debit,Netbanking,Pune
9721522f-bdb1-48ae-9a55-eadb9cb09302,2025-03-20,15:46:15,Entertainment,BookMyShow,1195,debit,UPI,Pune
97fc2125-8709-41b2-b62a-7d1a4c188397,2024-12-23,16:58:33,Recharge,Airtel,299,debit,UPI,Pune
1bad011d-412c-4889-9fcb-f231a6ae4408,2025-03-16,16:04:53,Education,Vedantu,2264,debit,Card,Pune
bdc4f73a-d6dd-4690-9147-25b4945f653f,2025-01-14,09:46:40,Food,Swiggy,1091,debit,UPI,Pune
a089295f-ef29-4ef9-9bd5-d075b17de255,2025-01-08,11:27:37,Transport,Uber,696,debit,Card,Pune
b1c94c0f-4128-4f4b-808b-1993ce45d786,2025-05-22,20:20:47,Entertainment,BookMyShow,354,debit,UPI,Pune
f6838c60-34c9-48ad-8190-298393f2ab6f,2024-12-14,21:31:49,Food,Swiggy,830,debit,Netbanking,Pune
c066b742-4968-4c76-b760-1ff1cacfd48e,2025-01-11,08:51:14,Entertainment,BookMyShow,1391,debit,Cash,Pune
403571cc-9177-48f6-829d-9f6644f36f3b,2025-06-09,12:45:52,Books,Kindle,1068,debit,UPI,Pune
b25aa5b4-5498-46a3-981b-af432a30d5e4,2024-12-31,08:59:39,Education,Unacademy,2100,debit,Netbanking,Pune
defed7ab-ccad-477e-a086-d4d6d081b831,2025-02-12,22:37:41,Entertainment,Hotstar,475,debit,Card,Pune
29f81240-72b4-48f1-bada-7d9e1409a45c,2025-03-09,16:20:29,Education,Vedantu,1449,debit,Netbanking,Pune
642aa4b3-9649-4073-ad11-1716642af309,2025-01-09,17:22:03,Education,Byjus,1349,debit,Cash,Pune
75c94cc6-cf3f-444d-8bcf-e8b0fa8ed53a,2025-04-11,15:35:26,Transport,Ola,474,debit,Card,Pune
c9cb194d-f5ca-4223-bf5c-33a2c24e2663,2024-12-21,12:49:56,Entertainment,BookMyShow,730,debit,Netbanking,Pune
1b21e9e8-ee8f-4366-9e95-c770e60ce8d5,2025-03-03,18:44:04,Food,Swiggy,1001,debit,Cash,Pune
7c3dbd61-1f43-4085-be2a-9e8792873cf6,2025-06-19,13:14:29,Transport,IRCTC,1025,debit,Card,Pune
b34c0a0a-81ce-4926-8722-ca6590950a61,2025-01-07,17:15:01,Entertainment,Netflix,285,debit,Card,Pune
32e49a84-d098-44c5-adef-d5f8207f00e6,2025-07-03,08:39:04,Entertainment,Netflix,598,debit,Card,Pune
6a8190ac-4f73-42aa-818f-12c2d2ef7415,2025-05-03,09:20:11,Food,Dominos,421,debit,Netbanking,Pune
52d2587a-215c-4323-9195-0b72d03e8170,2024-12-27,19:11:11,Entertainment,Hotstar,1132,debit,Card,Pune
b4a5182b-92cb-4bed-a120-e216fb539111,2025-05-09,19:34:11,Entertainment,BookMyShow,223,debit,UPI,Pune
a7152292-caaa-4130-9a63-8a90dfb98ff1,2025-06-30,23:42:51,Entertainment,Netflix,914,debit,UPI,Pune
e0c90f71-6248-43d1-ba37-08d0dddcc374,2025-01-05,18:57:09,Transport,Ola,603,debit,Netbanking,Pune
a0f0e9a5-350b-4bae-8302-ab5198be2b80,2025-06-02,16:11:34,Entertainment,Netflix,12640,debit,Cash,Pune
76fee1ec-f555-492e-aec2-813d4a480ffc,2025-02-02,14:32:58,Education,Byjus,1183,debit,UPI,Pune
028582d8-7a5b-42c0-b8fa-1cb4d9305f3a,2025-02-28,17:16:57,Entertainment,Hotstar,1041,debit,UPI,Pune
4d4977ce-e31c-4894-b95d-a505caab32ef,2025-02-01,13:03:46,Entertainment,Hotstar,1358,debit,Cash,Pune
204b8d6c-de07-44bb-81af-171495b750c6,2025-01-31,11:43:34,Transport,IRCTC,681,debit,Cash,Pune
124950ce-563f-457b-9729-0fb2ebe0ffe8,2025-06-13,22:43:04,Education,Byjus,1588,debit,Netbanking,Pune
a70c2146-142a-42ea-9674-4f6b7903e745,2024-12-26,16:02:27,Transport,IRCTC,532,debit,Cash,Leh
6ae0f6d3-3eb4-469c-a533-fc87e55246d1,2025-07-05,09:29:27,Education,Vedantu,1080,debit,Cash,Pune
b52f14f1-54f6-4383-b587-f8252e2279c6,2025-03-25,20:42:46,Education,Vedantu,1830,debit,Card,Pune
bced47e6-7076-44db-bc42-636495c4af0a,2025-04-20,15:17:27,Books,Flipkart,480,debit,Cash,Pune
d775cf56-6790-4022-9838-d4abf69010af,2025-01-11,23:06:16,Food,Dominos,564,debit,UPI,Pune
9551fa41-f6b9-4b61-aae0-849497324c28,2025-03-06,19:00:18,Books,Kindle,1625,debit,UPI,Pune
622a69ab-8019-464b-aa4f-e5331b5ae354,2025-06-15,16:05:29,Recharge,Vi,199,debit,Cash,Pune
8d66a267-4a8c-4831-93c1-51bff34c8f44,2025-04-21,20:21:25,Food,Dominos,1358,debit,UPI,Pune
6275e5c6-cf79-4e20-bfd9-9aa9616ab740,2025-04-14,13:16:11,Entertainment,Hotstar,644,debit,Netbanking,Pune
eab5b2f0-7eb4-468e-a488-6cd85061aaef,2025-06-20,15:42:41,Transport,Ola,754,debit,Netbanking,Pune
c3efa5bf-5b27-48d4-8148-4486f0fcd025,2025-05-16,09:23:02,Food,Dominos,378,debit,UPI,Pune
55b7becb-cc77-4f59-bf39-57d644e61e40,2025-02-27,23:40:31,Food,Swiggy,1333,debit,Card,Pune
40ccec3b-257c-4139-9796-5f5a3dad3bbc,2025-07-06,21:37:07,Entertainment,Hotstar,342,debit,Cash,Pune
bb3d137e-bf9b-4220-8b3c-d59ff2666f5a,2025-06-07,17:48:12,Transport,IRCTC,855,debit,Cash,Pune
dd231cd4-f17d-4a3a-8779-80963bcf9528,2025-03-31,16:38:58,Food,Zomato,179,debit,Netbanking,Pune
f4c98d9c-2f6e-413c-9997-1f359a8da375,2025-06-26,11:00:28,Education,Byjus,2273,debit,Netbanking,Pune
ae347523-5936-4531-9086-bd868379a2a1,2025-03-22,12:36:03,Food,Swiggy,1420,debit,Netbanking,Pune
45725b07-2d0c-400a-97c0-3e7252d0ef6e,2025-02-05,09:57:26,Education,Unacademy,1415,debit,Cash,Pune
2084d29c-1a3c-4f1b-a176-0f5ba498cda5,2025-01-27,20:19:57,Food,Zomato,981,debit,Cash,Pune
88f79334-278e-44c7-8c00-b11d4035cede,2025-03-13,17:35:53,Education,Vedantu,2070,debit,Cash,Pune
d1e23acf-2c31-45da-aaa6-ff9b3a783fa2,2025-02-08,16:39:47,Entertainment,Hotstar,604,debit,UPI,Pune
787eedff-d53d-47c8-afee-b4c93fe63325,2025-04-13,21:30:03,Food,Zomato,198,debit,Cash,Pune
a8c3e83e-6a15-4f04-8f17-13b64cbdc681,2025-03-21,13:09:04,Recharge,Airtel,399,debit,Cash,Pune
605af27b-4786-4346-9da9-637569e8d6d9,2025-01-08,18:08:19,Transport,Uber,712,debit,UPI,Pune
069191b4-8008-45df-bd43-861bc39bc14f,2025-01-13,10:54:04,Transport,Uber,239,debit,UPI,Pune
5184635d-067f-474c-92f8-abd1d0e783bf,2025-03-11,17:14:31,Books,Flipkart,844,debit,Netbanking,Pune
47cd4515-299f-4633-9cb0-c75526b0102e,2025-01-28,10:22:25,Food,Zomato,1324,debit,UPI,Pune
269be46e-5476-414d-800f-3bd846433af1,2024-12-11,19:45:04,Entertainment,BookMyShow,800,debit,Netbanking,Pune
7b12807d-9af3-435e-86f2-2f5700aef4e9,2024-12-26,19:34:33,Education,Byjus,1715,debit,Netbanking,Pune
ba3a12a0-c6c2-4ba2-9eb8-d6f12779b1e3,2025-02-14,22:52:26,Entertainment,Netflix,1095,debit,Cash,Pune
e7e0912f-6945-4bff-b2bf-6d4d89d9a2f1,2025-01-20,22:35:07,Transport,IRCTC,1331,debit,Netbanking,Pune
d962a2a6-4946-4cd9-8ed8-1f5bc701ada1,2025-05-05,08:19:59,Education,Byjus,2034,debit,Netbanking,Pune
bdacf5ae-2609-4321-9fde-626854b88c4b,2025-06-30,11:33:26,Education,Unacademy,2122,debit,Card,Pune
46218fea-94a6-42e0-96b5-8a984dfeb18c,2025-02-02,19:38:05,Education,Vedantu,2045,debit,UPI,Pune
11b4ecc8-8fb2-4144-bb73-526519479950,2025-06-19,21:38:05,Books,Flipkart,1228,debit,Card,Pune
4664ff2a-c44a-40f0-9c67-d3451bb03616,2025-03-18,08:25:10,Books,Amazon,703,debit,Netbanking,Pune
41e55f8f-5493-4cda-aaca-b01f67dc97ef,2025-01-25,21:47:44,Food,Swiggy,14580,debit,Card,Pune
29fa45b5-91ba-4059-87ac-3ff721057318,2025-06-08,17:30:07,Food,Zomato,993,debit,Netbanking,Pune
3aea83ce-1c2b-4771-b967-318c6fe28008,2024-12-31,23:47:22,Food,Swiggy,1213,debit,Card,Pune
600435d7-cfda-46b7-82f2-df41a36e7c44,2025-01-01,19:02:30,Entertainment,BookMyShow,1316,debit,Netbanking,Pune
57064549-d45b-4947-9a07-fa86d77796af,2025-05-15,08:37:00,Books,Amazon,563,debit,Netbanking,Pune
ccc44c79-2520-4d28-a078-0eb481d15d96,2024-12-30,17:11:09,Entertainment,Netflix,1254,debit,Netbanking,Pune
358b82dc-b923-4192-88b2-2ae175e9315b,2025-05-16,11:05:57,Transport,Ola,1393,debit,Netbanking,Pune
81e35d3e-b9e4-4534-9a79-002dc58d5502,2025-06-07,20:13:02,Food,Dominos,1350,debit,Card,Pune
862dc20f-0f2d-487f-bac1-c75bbaa28e60,2025-01-24,13:12:18,Recharge,Airtel,399,debit,UPI,Gangtok
8bfbcd5c-68b2-4850-a764-b2f7f00eb918,2025-01-05,18:14:21,Food,Swiggy,536,debit,UPI,Pune
a883ce4b-f87d-4eb9-94f8-a6758e1b0dc9,2025-04-20,20:27:31,Recharge,Airtel,239,debit,Cash,Pune
1f9a7f7e-ca2d-4041-ac80-5de5209de544,2025-06-20,09:43:26,Recharge,Airtel,299,debit,UPI,Pune
195bffb7-75a8-47bf-ad86-ce37de8eb6c9,2025-03-12,15:30:13,Food,Dominos,1489,debit,UPI,Pune
0ff7adf0-f770-4b45-8c57-dd5ca0693b3b,2025-03-26,09:08:16,Food,Dominos,626,debit,Cash,Pune
9d3cbad1-52b2-4520-beed-01dc4791b999,2025-01-02,15:02:12,Education,Byjus,2146,debit,Cash,Pune
8781176c-0e36-475d-8206-81369d7717ee,2025-02-18,09:18:38,Recharge,Jio,349,debit,Netbanking,Pune
a1a8cc96-3914-493a-8396-d538b36223d6,2025-02-13,18:09:40,Transport,Ola,13780,debit,Card,Pune
e2764881-9392-45ae-b466-fe198fec3c0b,2025-03-17,15:33:50,Food,Dominos,704,debit,Cash,Pune
107e2571-96f7-478a-a472-9efc1f649000,2025-04-24,22:06:17,Food,Swiggy,1383,debit,Netbanking,Pune
1b3a75b1-7bd4-4b3e-b7fa-ac85f1c4582a,2025-02-05,13:01:12,Transport,Ola,1270,debit,Netbanking,Pune
ef56af19-fccd-4f3b-bb89-71d6b2a8b627,2025-06-24,23:18:19,Books,Kindle,998,debit,Cash,Pune
cd092bab-ce9b-46d2-8317-dacc9f2b0f60,2025-03-14,10:26:13,Education,Unacademy,2368,debit,Netbanking,Pune
72a2a9a0-e633-4c16-902c-8ac4391e75b9,2025-01-01,19:05:23,Food,Swiggy,912,debit,Card,Pune
346e0194-7b2e-4864-beb4-672c94f1c9bb,2025-03-09,15:33:31,Transport,IRCTC,398,debit,Netbanking,Pune
bdcf547b-d589-4dff-9dec-1886fb3aaa0d,2025-03-26,22:51:37,Education,Byjus,2069,debit,Cash,Pune
f1c04ab1-a2c9-49c9-8451-f0dff8303e69,2025-01-12,19:03:32,Education,Unacademy,1305,debit,Netbanking,Pune
219312b1-201c-4fab-a657-80e71db46116,2025-01-31,16:07:21,Education,Unacademy,1690,debit,Netbanking,Pune
9c9c9c88-56c9-4725-8822-1f35c295380c,2025-05-20,14:24:58,Entertainment,BookMyShow,627,debit,Netbanking,Pune
9f65764e-7057-43b7-b69f-9f7b050724eb,2024-12-26,10:03:51,Education,Byjus,1435,debit,UPI,Pune
c3c86191-d521-4a65-aeb2-4b02342ba754,2025-06-16,08:42:00,Recharge,Airtel,239,debit,Card,Pune
c586c7f5-7371-478f-b3ea-fb6f437191c3,2025-07-05,09:36:28,Entertainment,Netflix,13720,debit,Cash,Pune
7bc22378-ca8a-482a-aa92-67bf224f7cf0,2025-07-05,11:40:23,Food,Zomato,1390,debit,UPI,Pune
2fedbdfc-0a37-4d19-b48b-6598917417b3,2025-02-15,20:03:16,Food,Zomato,1224,debit,Card,Pune
0e7000e3-b37c-4c2a-9567-d0dfee7f4d98,2025-03-09,11:44:06,Transport,IRCTC,855,debit,Card,Pune
b704c1cb-3068-41cf-adf9-89e45df81712,2025-02-05,23:25:12,Entertainment,Netflix,1117,debit,UPI,Pune
53dd42e1-6ba1-404a-8073-fb6a06ab135e,2025-03-02,19:56:21,Transport,Uber,740,debit,Netbanking,Pune
cb3a84a0-d608-4eda-89d4-17524cc9abd2,2025-01-19,16:48:03,Transport,Ola,1455,debit,Card,Pune
52d8d220-6458-4457-b4a5-cd6bd18c6770,2025-01-07,23:48:56,Food,Zomato,429,debit,Cash,Pune
3540bb31-45e5-4e60-b82c-31dae8cf7c44,2025-06-03,18:13:17,Entertainment,Hotstar,1100,debit,Cash,Pune
56520e37-a23e-4369-a091-9e70e1e97a84,2025-01-30,19:41:12,Entertainment,Netflix,921,debit,UPI,Pune
a3a57c4a-fd46-43b5-8417-f7a56024c512,2025-01-31,08:05:13,Transport,Uber,1039,debit,Netbanking,Pune
7d816832-a577-4700-9388-a2aff8965194,2025-03-23,15:45:05,Entertainment,BookMyShow,357,debit,Cash,Pune
1477d944-5b77-4d80-a70c-d0e13706655c,2025-03-25,16:55:59,Entertainment,Hotstar,504,debit,Cash,Pune
3d4a08a3-b47b-4498-b04d-2977bc8fb59f,2024-12-27,15:43:10,Books,Amazon,760,debit,Card,Pune
df4f5f51-3158-4444-a0ad-e511476ce418,2025-02-17,19:04:24,Transport,Ola,1070,debit,Card,Pune
18ba69be-e813-44ee-a02b-4d32b51dff53,2025-01-15,17:24:26,Books,Amazon,935,debit,Cash,Pune
63dc7980-efb7-4ce6-9373-2b817e8c683d,2025-02-02,23:28:05,Education,Unacademy,1192,debit,Netbanking,Pune
ced0ea52-d67e-4da8-98e5-ec3c448f4612,2024-12-31,21:04:18,Food,Dominos,732,debit,Netbanking,Pune
0827e983-72f7-4dad-931d-7f63e3aa3a3e,2025-05-15,19:00:10,Education,Vedantu,1893,debit,Cash,Pune
51591d61-a374-4327-b0b3-b54946251a27,2025-03-05,16:38:20,Entertainment,Netflix,1019,debit,Card,Pune
232e5798-a223-4f4a-a2b3-42818179779f,2025-05-09,23:31:34,Education,Byjus,2044,debit,Card,Pune
7121f081-ece6-4f4d-b890-25bf3222fba4,2025-01-28,17:23:04,Food,Zomato,716,debit,Netbanking,Pune
250f3bd8-c92f-4198-9f89-5e9f39c2f897,2025-06-10,12:31:37,Education,Unacademy,2391,debit,Cash,Pune
046bc3f2-bcc9-4d42-93ce-1fb8b5a28216,2025-01-06,20:06:24,Food,Swiggy,140,debit,UPI,Pune
686e5d64-cadd-49d4-9a11-ce52d2c22947,2024-12-27,22:46:53,Food,Swiggy,345,debit,UPI,Pune
c9d0afc5-05e2-461e-ba0b-54b3444f1259,2025-06-21,21:53:16,Food,Zomato,1455,debit,UPI,Pune
15cf2b10-51a7-48ba-9632-e7471f7809b2,2025-03-05,15:02:00,Entertainment,Hotstar,304,debit,UPI,Pune
328d624d-1c35-40b4-a600-a4b33a0458ef,2025-03-30,15:25:42,Food,Zomato,1489,debit,Cash,Pune
2aa06dea-de62-46c5-9bc5-857e47a6835d,2025-01-28,16:09:53,Entertainment,Netflix,481,debit,Cash,Pune
3cab2664-21ec-4afc-8884-1ba212c36a0f,2025-06-24,20:53:39,Food,Swiggy,691,debit,Netbanking,Pune
df87aeb1-171f-47e0-b0cf-d242896569be,2025-06-29,13:53:26,Transport,Ola,737,debit,Card,Pune
96b2020c-89b5-4e1c-9c65-d81e02f222d5,2024-12-22,20:14:18,Books,Amazon,724,debit,UPI,Pune
13697c77-814d-4fee-a1bd-7221f8a319c4,2025-01-01,11:48:25,Education,Unacademy,2445,debit,Netbanking,Pune
fb479b7d-bdf8-4611-9f1a-e6f6238719c2,2025-04-29,11:25:37,Books,Amazon,1425,debit,Cash,Pune
67fdb972-4489-4648-9f02-3aa6be23909f,2025-06-30,19:44:07,Recharge,Vi,179,debit,Cash,Pune
d135043d-e9fb-4c4d-bf59-9ec56a94333d,2025-06-08,16:09:37,Education,Unacademy,2099,debit,Card,Pune
1fb3c795-e37d-426b-8350-f307396b0d3a,2024-12-23,11:27:21,Education,Unacademy,2079,debit,Card,Pune
1ec22e1a-6b18-46a0-ba55-5ffbfbdc9285,2024-12-27,10:27:12,Transport,IRCTC,207,debit,Netbanking,Pune
fc52553b-2f09-4835-af76-eb24d759489f,2025-04-29,18:54:56,Transport,Ola,268,debit,UPI,Pune
0a28d1ec-1b98-4d58-b63a-fd890650c3fa,2024-12-23,13:47:57,Transport,Ola,971,debit,UPI,Pune
4dd3ca99-c4a9-40d5-9af5-e517f96cccdc,2025-05-07,09:16:00,Food,Swiggy,1464,debit,UPI,Pune
763a7a14-135a-4c5d-8feb-692dca05ee77,2025-03-18,18:21:14,Books,Flipkart,493,debit,UPI,Pune
e2d2b5c1-906a-4de4-ae7a-806caa58860b,2024-12-15,10:16:03,Education,Byjus,1480,debit,UPI,Pune
9d3bc51a-a4b1-425c-bb8a-20d83bcdacc1,2025-04-07,17:04:49,Food,Dominos,1116,debit,UPI,Pune
1c6dcb78-6546-417b-917a-de3f3e087ddf,2025-05-11,15:50:18,Education,Byjus,1887,debit,UPI,Pune
60dc27c0-e264-4d0b-9ff8-415341be43c3,2025-01-20,15:56:54,Recharge,Airtel,199,debit,Card,Pune
04f362c0-a3df-44df-8ff7-326d3f89782e,2025-01-29,15:17:17,Entertainment,Hotstar,439,debit,UPI,Pune
3106a4f1-6703-4eb6-960a-cc3feefeb042,2025-03-01,13:06:25,Recharge,Vi,199,debit,Card,Pune
85fb2293-0938-49f2-965f-98d3737c841d,2025-02-06,10:50:28,Transport,IRCTC,382,debit,Cash,Pune
da3612a3-d7db-4a39-929b-1c519cdcc3d4,2025-02-23,08:25:40,Food,Dominos,194,debit,Netbanking,Pune
f92d3840-ae73-44c0-baa0-d6c7387fbf9d,2025-01-23,19:01:05,Education,Unacademy,1922,debit,UPI,Pune
de23ec41-04d1-43cd-85bd-d1da1d291b83,2025-06-14,14:31:50,Food,Swiggy,818,debit,UPI,Pune
5452711a-174a-4928-8dfa-c217e7aae26c,2025-01-03,09:03:25,Food,Zomato,1070,debit,Card,Pune
d099114a-9570-4337-903b-002b54b5d6dc,2025-02-20,20:53:09,Entertainment,Netflix,1021,debit,UPI,Pune
79b476e5-59c9-42a6-aec6-57e586431248,2025-06-16,13:36:24,Recharge,BSNL,187,debit,Cash,Pune
90a2f20d-e2d6-466a-af97-4cbbaa4f2a32,2025-05-09,12:41:38,Entertainment,Hotstar,140,debit,Cash,Pune
cd7e7727-8721-47bd-973a-57cfd4ddf69c,2025-01-06,22:27:26,Transport,Ola,521,debit,UPI,Pune
b4ebc92b-7787-402c-9a1d-4fb1cc02f971,2025-02-05,20:17:06,Food,Zomato,1409,debit,Netbanking,Pune
c4e14558-e786-4f3c-bca4-b2f575ecdcf6,2025-04-26,13:15:06,Entertainment,BookMyShow,215,debit,Card,Pune
15bd63a6-4d19-410b-9655-af0d50ae37e2,2025-01-10,16:34:40,Entertainment,Netflix,182,debit,Card,Pune
344bb758-8b1d-4b70-932b-06bf49245978,2025-05-17,12:02:33,Books,Amazon,1000,debit,Card,Pune
76f97803-dead-46fb-ad61-128d74080aac,2025-04-11,10:54:17,Education,Byjus,1360,debit,Cash,Pune
80222a11-3d93-4a5d-bbd4-42ed6bed0ec4,2025-02-23,09:50:01,Education,Byjus,1448,debit,Cash,Pune
f05ba8f6-afd7-4e12-8aff-26ff5e943ed1,2025-02-14,20:35:04,Recharge,Airtel,239,debit,UPI,Pune
0b5b0272-9404-44a4-af92-c6a10736c66e,2025-05-05,14:58:18,Books,Flipkart,722,debit,Cash,Pune
b53c01cb-c72a-4931-8903-88e075229abb,2025-03-26,13:10:36,Recharge,Jio,149,debit,UPI,Pune
80d5ddec-9bb5-4353-8a70-76cdb586132b,2025-03-18,19:57:56,Education,Byjus,2019,debit,Cash,Pune
52e50733-b732-4e5a-adb4-c2307b377936,2025-05-15,13:08:23,Entertainment,Hotstar,697,debit,Netbanking,Pune
c87dec31-97fd-44dc-ac4b-ac1ecf71f162,2024-12-20,22:32:45,Food,Dominos,103,debit,Card,Pune
7cbddbf9-04a4-48f7-9bf9-6468a44026c0,2025-03-06,22:11:34,Education,Byjus,1677,debit,UPI,Pune
ac0fb65b-9aa0-4f2d-af1b-932fb8f08364,2025-06-12,23:36:56,Books,Amazon,817,debit,UPI,Pune
7b315b76-3c17-48d4-8e31-98d3a3ef0e54,2025-05-14,13:32:08,Food,Zomato,520,debit,Card,Pune
75bcde48-f131-4270-b9b1-d337174c1727,2025-04-03,22:57:44,Food,Dominos,978,debit,Cash,Pune
75487d32-249c-4c7e-9711-6862fac357ea,2025-01-08,10:19:05,Food,Dominos,1476,debit,Netbanking,Pune
a5f93735-a0de-4789-a463-0819927e1ca7,2025-04-14,15:56:53,Entertainment,BookMyShow,1228,debit,Card,Pune
59fc0bb0-33af-4d26-8867-3e454e9c0df3,2025-02-16,20:44:34,Entertainment,Hotstar,179,debit,UPI,Pune
ae3d0a5a-1b35-4684-ab0b-13efd4c296d1,2025-06-16,20:41:08,Recharge,Vi,269,debit,Netbanking,Pune
2246ff46-ea2f-4c0d-b1a2-2433332df1d5,2025-06-18,09:33:59,Transport,IRCTC,502,debit,UPI,Pune
b4a15f42-63f0-4911-b1bc-e557a8a71f67,2025-04-05,19:52:09,Food,Dominos,370,debit,Netbanking,Goa
ef3bef9e-2252-4725-a18b-a407e39c7cf6,2025-04-14,16:14:34,Food,Zomato,1207,debit,Card,Pune
60259c98-2087-49bb-ae45-6760dd9539d3,2025-04-12,21:43:39,Entertainment,BookMyShow,1430,debit,Cash,Pune
34d9a108-9dab-4ec0-a9be-72dfd4220b37,2025-02-10,14:40:32,Entertainment,BookMyShow,1152,debit,UPI,Pune
63defb76-4e4f-4e50-a8fa-1d2fb74fad9e,2025-05-11,08:53:53,Education,Byjus,2212,debit,Cash,Pune
30cff491-9df8-434f-81e8-f1709f56d0d5,2025-02-18,09:06:41,Entertainment,BookMyShow,432,debit,UPI,Pune
c95e7e3b-3e68-4b6d-b193-5759a2e37808,2025-01-31,20:26:18,Education,Vedantu,2031,debit,UPI,Pune
1866b73a-58d0-4e3c-ad57-6ec870af6e81,2025-06-09,11:09:47,Entertainment,BookMyShow,1227,debit,UPI,Pune
d717b99d-91e5-4277-816b-1791464dcfbe,2025-05-16,12:36:14,Food,Zomato,1244,debit,UPI,Pune
c43edd12-899b-4bfb-b996-a4d91be81faa,2025-03-02,17:09:44,Books,Kindle,752,debit,Netbanking,Pune
16a6287a-e4bc-43e0-b670-4054d00f2dea,2024-12-25,10:29:37,Books,Amazon,1542,debit,Cash,Pune
a7823316-0136-48cc-8c96-44cc253f6b00,2025-06-08,21:18:35,Education,Byjus,2448,debit,Cash,Pune
ff3315f1-28c8-48f1-a760-42e4dc556262,2024-12-14,09:36:54,Transport,Ola,814,debit,UPI,Pune
ab66f1f5-5edf-4fad-b166-c591e91b1309,2025-04-20,14:40:45,Food,Swiggy,1037,debit,Card,Pune
c7361b1d-cf42-4567-8737-7e3b0bebc235,2025-03-02,19:13:22,Food,Dominos,345,debit,Cash,Pune
d05c99d8-ae30-4feb-94b0-e8d53c799603,2025-02-17,23:13:58,Entertainment,Hotstar,135,debit,Cash,Pune
7eb339d4-4f5a-410e-b718-6d93417709ca,2024-12-31,15:45:53,Education,Unacademy,1541,debit,Card,Pune
fad3d175-1c17-4470-9089-3b385f6e55f1,2024-12-15,14:50:36,Entertainment,BookMyShow,1105,debit,Netbanking,Pune
d245cfe9-5733-4d68-9468-55d05e58f96e,2025-04-06,19:06:54,Transport,Uber,246,debit,Netbanking,Pune
4994704d-e95c-4373-8fb3-e85cbc322b3f,2024-12-19,21:08:30,Entertainment,Hotstar,322,debit,UPI,Pune
d2883e6d-4286-406d-98a6-8bedc023e1f0,2025-03-10,10:50:08,Entertainment,BookMyShow,562,debit,Card,Pune
2daf4607-fa52-4396-a2cc-4ee5bf764df3,2025-05-02,18:17:26,Transport,IRCTC,1223,debit,Cash,Pune
14c635d3-c511-4ab0-9f2c-1e28ce5b752a,2025-06-21,13:17:58,Education,Vedantu,2411,debit,UPI,Pune
ba92d253-0fcb-4eb6-97f4-c42cf7e6fbd9,2024-12-19,10:08:38,Food,Swiggy,954,debit,UPI,Pune
6814fa9e-fff0-4506-8a6f-83dcb3e970fd,2025-02-16,09:46:43,Food,Zomato,280,debit,Netbanking,Pune
746b89ef-9ff8-41c7-af52-dd45ac2d96a5,2025-01-28,23:04:58,Entertainment,Netflix,1175,debit,Cash,Pune
5cd07217-1a29-4a4e-98cc-78a1d72a3e11,2025-05-13,13:11:09,Entertainment,Netflix,147,debit,Cash,Pune
5b91a65a-6a4f-43f3-8006-c728689552b8,2025-03-13,17:36:53,Education,Vedantu,2070,debit,Cash,Pune
bf1d713d-5bc0-4bd5-844a-01c399115c23,2025-05-08,10:37:46,Entertainment,Hotstar,1105,debit,UPI,Pune
791e1917-e297-4651-a57a-e452a1d8f400,2024-12-24,22:15:17,Education,Unacademy,1048,debit,Cash,Pune
309a6b3d-a791-4a52-8da1-3125dd1ef03b,2025-05-10,23:04:29,Food,Zomato,1427,debit,UPI,Pune
976f4272-fc34-4b89-981d-43cb37556de3,2025-06-12,18:24:16,Entertainment,BookMyShow,183,debit,Netbanking,Pune
79302fb4-a5ca-46b3-ad77-064d45f92a00,2025-01-13,11:55:08,Books,Amazon,467,debit,UPI,Pune
712725d2-6a44-4d7b-aaf8-1a69b831490c,2024-12-24,22:03:14,Transport,Ola,1379,debit,Cash,Pune
dbd453af-6871-4db4-bcaa-829ade7d8aa4,2025-05-16,19:22:33,Transport,Uber,898,debit,Card,Pune
a9d35f19-9653-4ed5-8bbd-fe42908de85a,2025-02-17,22:20:26,Education,Unacademy,2137,debit,Card,Pune
64c8b9d3-565a-4e81-b996-c3d430432e1b,2025-02-08,12:48:31,Books,Kindle,1226,debit,Netbanking,Pune
edd86a6e-4725-4f0e-a823-9383e3c80820,2025-05-15,20:32:18,Education,Byjus,2141,debit,Cash,Pune
a5e0fdbe-e3e4-45d6-b962-991d2429bf0a,2025-07-01,14:05:42,Food,Zomato,1087,debit,UPI,Pune
adbfd509-f02b-444a-b7fb-92acc561e70a,2025-05-09,18:03:43,Books,Amazon,1053,debit,Card,Pune
346aa5bc-6936-45ad-b57c-1bb472f53c6b,2025-06-14,22:41:30,Education,Unacademy,1413,debit,UPI,Pune
59ba6bcd-ff7f-470c-aa48-3742316ded80,2025-05-25,15:01:12,Food,Zomato,689,debit,Cash,Pune
0ccaf7af-99ba-437b-8a73-b7e5aa3f387c,2025-07-05,11:33:06,Entertainment,BookMyShow,1109,debit,Cash,Pune
9a59223c-53b9-4845-9c8c-ee706b3feec8,2025-07-04,10:58:25,Transport,IRCTC,313,debit,Cash,Pune
a8668da0-aa0d-4128-bc5b-b6ba35c9a935,2025-04-20,23:15:43,Food,Swiggy,938,debit,Cash,Pune
2043263f-54f5-4038-a39e-818ded038798,2025-06-19,21:58:45,Food,Zomato,1100,debit,Netbanking,Pune
b3edeecd-90ef-474c-bccb-7ef57182ac49,2024-12-24,22:02:47,Transport,Uber,492,debit,UPI,Pune
a52621a6-59f2-44df-9ace-b2e21567bfbe,2025-01-14,10:55:11,Transport,IRCTC,859,debit,Netbanking,Pune
5e342d9a-1ddf-428d-bad2-11cb9a38c6e0,2025-01-22,13:24:33,Books,Flipkart,1326,debit,Netbanking,Pune
11634e1e-10c7-440d-91f4-d7276b366dd9,2025-05-25,11:56:30,Entertainment,BookMyShow,581,debit,Cash,Pune
3eef68de-6466-4c65-90f0-407fd0eeeadf,2025-05-02,17:50:02,Transport,IRCTC,499,debit,UPI,Pune
bcaa8e52-51c9-4496-8c9f-9f081ee33026,2025-02-03,21:24:28,Recharge,Airtel,239,debit,Card,Pune
bde5160d-f0c7-4f62-b196-6cd8653ea5b6,2025-01-08,14:39:27,Entertainment,BookMyShow,817,debit,UPI,Pune
e3632384-51fe-4b74-b42d-e05a3f45fa77,2025-04-26,08:45:08,Education,Byjus,2422,debit,Netbanking,Pune
06b4e674-9d59-4f5e-89a2-c7d778e8a4dd,2025-01-09,08:51:24,Entertainment,Hotstar,687,debit,Card,Pune
5c5d855f-469d-42a5-a862-9ee0897b36dd,2025-01-10,16:08:22,Food,Dominos,163,debit,Cash,Pune
e99b393b-97bb-4020-ac11-4745311bdeba,2024-12-14,11:37:34,Education,Unacademy,1275,debit,Card,Pune
053a9c68-e64b-47b9-bb76-dc537de14f15,2024-12-24,18:17:44,Books,Flipkart,1510,debit,Card,Pune
d1291278-cb47-4812-8285-88a8b960a5a4,2025-03-11,12:01:54,Food,Zomato,172,debit,UPI,Pune
7b10e3d3-a52f-454c-9b40-7e3a3ca09d62,2024-12-19,18:39:20,Food,Swiggy,638,debit,UPI,Pune
d2b0cf60-36be-491a-9d97-63551b894f57,2025-03-06,20:46:35,Books,Amazon,919,debit,Cash,Pune
dd48a85b-7465-45c6-abfa-6b61601e5dee,2025-04-29,11:46:24,Food,Zomato,136,debit,Netbanking,Pune
23ea9ef9-1a44-482f-8a05-8d9c69af2612,2025-01-05,11:56:46,Recharge,Vi,269,debit,Cash,Pune
d2ca20e6-00c3-47cd-be14-6dc5e5971115,2025-01-24,14:43:01,Recharge,Airtel,399,debit,Netbanking,Pune
7a2e34ab-3e13-4615-94bc-aa2237d0c046,2025-03-17,08:31:31,Education,Vedantu,2402,debit,Cash,Pune
323f3c13-4165-4987-a435-96097971d335,2024-12-11,20:28:38,Entertainment,Netflix,173,debit,Netbanking,Pune
e17525fc-487a-4a86-885a-45fe8d9ce6f5,2025-02-05,14:37:12,Entertainment,Netflix,856,debit,Card,Pune
259f658f-d3be-4857-bdbd-c783770ac3c4,2024-12-31,13:50:24,Entertainment,Hotstar,1486,debit,UPI,Pune
0145aff8-09d5-4272-912a-30008fafe536,2025-03-25,23:19:35,Transport,Uber,1020,debit,UPI,Pune
7c852c83-e8ea-4842-86f7-071b08f49442,2025-07-01,19:16:29,Entertainment,BookMyShow,769,debit,UPI,Pune
c69b76a4-fb0f-4813-b2e6-cf25bb3cc7fe,2025-06-08,10:33:29,Recharge,Airtel,239,debit,Cash,Pune
87487810-48b7-4258-9495-fe7bac333482,2025-02-24,19:25:45,Food,Dominos,488,debit,Card,Pune
73714850-2a04-4b76-9114-02021be2039b,2025-03-05,22:59:28,Recharge,Vi,199,debit,Cash,Pune
b05642d5-d120-4be0-9d29-5b151e4e1605,2025-03-24,09:17:25,Food,Dominos,144,debit,Cash,Pune
1449596b-3068-4b21-a2ee-440b04bff355,2025-06-07,16:36:31,Books,Flipkart,853,debit,Netbanking,Pune
3bad7ebf-c84a-456c-a456-510b3ec0da8e,2025-01-26,21:33:37,Education,Byjus,1790,debit,Card,Pune
bcf935ea-0753-4638-abad-43290503548a,2025-03-20,14:41:51,Education,Byjus,1752,debit,Cash,Pune
6cad217d-f50b-4983-81e8-c4492eab46e4,2025-06-17,21:08:56,Food,Zomato,1192,debit,Netbanking,Pune
225adffc-6fef-48ba-9d2e-e2518bae2a7f,2025-06-02,15:29:35,Transport,Ola,592,debit,Card,Pune
e5bf1862-294b-40c8-9043-e37511cedb69,2025-05-14,08:17:04,Entertainment,Hotstar,889,debit,Netbanking,Pune
3c8a0320-a279-43eb-983c-6787eec6d786,2025-02-14,08:45:17,Recharge,Jio,149,debit,Netbanking,Pune
a622b86c-c05a-49fc-8101-a8b6272021a1,2025-06-01,16:46:29,Food,Swiggy,683,debit,Card,Pune
e00b16ec-8605-4d6b-97da-781c2b037c34,2025-01-12,19:23:55,Education,Unacademy,1703,debit,Cash,Pune
66271698-ddec-4944-af60-ee1fb3ed10fc,2025-03-07,23:54:37,Entertainment,Netflix,171,debit,Card,Pune
c14446ce-80b6-40ff-bc14-d47b1f9abd64,2025-04-06,20:32:37,Education,Unacademy,1333,debit,Cash,Pune
b42f533c-4840-4646-83ad-f35365e436dc,2025-03-17,10:22:21,Entertainment,Netflix,198,debit,Netbanking,Pune
c30c00ec-fdb5-4e93-a931-aa762d9904a6,2025-01-09,08:38:39,Books,Kindle,1722,debit,Netbanking,Pune
546800a7-ce53-413e-a415-136e9912be0f,2025-01-12,19:23:35,Education,Unacademy,1917,debit,Netbanking,Pune
e4970597-b147-475e-8110-09a5c3ccd256,2024-12-27,15:17:24,Food,Swiggy,945,debit,UPI,Pune
bbe8a7e4-da20-49d1-9652-bfb2e416e452,2025-02-26,16:39:02,Books,Kindle,704,debit,Card,Pune
0e19eb35-d14e-46dd-aa9d-038c81ddb5f4,2025-05-20,20:44:47,Entertainment,Netflix,1343,debit,Netbanking,Pune
4cf3dd4f-a730-4ce3-883c-1bd3acf9a7c9,2025-06-04,18:06:20,Education,Byjus,1130,debit,UPI,Pune
e272dff0-6a26-45c4-909b-8d7faad3c6f9,2025-04-27,23:09:08,Education,Byjus,1001,debit,Card,Pune
09b9870c-3fc0-4003-8b6a-f89623a89320,2025-02-18,20:11:35,Food,Zomato,608,debit,UPI,Pune
52de3f7d-d364-40e8-a2e5-e5af898a1210,2025-07-05,13:47:52,Education,Unacademy,1825,debit,Cash,Pune
83f5397d-4b11-491d-bc25-423de0b668dc,2025-01-29,20:19:00,Education,Vedantu,1079,debit,Card,Pune
7c9ffe20-d597-4220-9088-97cc874ff2b2,2025-02-26,12:25:15,Recharge,Airtel,349,debit,Netbanking,Pune
db886229-bf35-496f-81b2-04c87b452e5e,2025-01-26,16:36:28,Recharge,BSNL,187,debit,Netbanking,Pune
9b3910d0-5149-41a3-8cd6-6b2c22329292,2024-12-09,14:14:31,Education,Vedantu,1154,debit,UPI,Pune
24057620-e121-48be-a8b7-838e2123ede2,2025-04-19,20:07:46,Entertainment,Netflix,1093,debit,UPI,Pune
b95ff41c-da3c-4ed4-b618-8e0936dbb7de,2025-02-28,12:50:12,Food,Swiggy,1165,debit,Netbanking,Pune
27abe190-42f0-4413-934a-b89b96847860,2025-03-24,21:21:08,Food,Swiggy,268,debit,UPI,Pune
6ccab244-ef6f-49bb-b88c-a203753a5f3c,2025-05-01,18:50:02,Transport,Ola,939,debit,Cash,Pune
9156e29e-1eb1-4860-bcca-15b0d15c32de,2025-01-08,19:10:59,Education,Vedantu,2160,debit,Netbanking,Pune
59defe97-067a-4021-802b-83216112593b,2025-06-29,09:27:20,Food,Zomato,924,debit,UPI,Pune
a7f2f7c9-0f06-415b-90eb-07e9a7cf13bf,2025-04-13,15:42:45,Books,Kindle,1320,debit,Netbanking,Pune
a588a318-4f30-47ef-9765-e60241b5df6b,2025-01-16,20:02:02,Books,Flipkart,844,debit,Card,Pune
e43b6fdf-389c-4640-821c-00911bc5f951,2025-04-13,08:28:55,Education,Vedantu,1770,debit,Netbanking,Pune
16c72759-46e6-4792-9c56-6c9ca97dd9ae,2024-12-17,14:15:12,Education,Unacademy,1954,debit,Card,Pune
e3ff46e9-98d5-4995-b818-2b9af81847a9,2025-07-04,17:40:17,Entertainment,BookMyShow,1169,debit,Netbanking,Pune
bb3c682f-14f4-4921-b536-7e2c5bc37af0,2025-04-22,19:08:29,Education,Unacademy,1156,debit,UPI,Pune
3e633982-92bd-408a-b95f-d4bb7737ad17,2024-12-14,15:13:36,Books,Kindle,1062,debit,Netbanking,Pune
39eb5583-0217-4566-b114-2af6fcb7a5b7,2025-02-11,19:15:40,Recharge,Airtel,349,debit,UPI,Pune
0428f8e6-f682-4817-b04f-18ba4129eae7,2024-12-25,12:58:29,Food,Zomato,597,debit,Cash,Pune
e73b3135-9855-451f-90aa-a63cee07055c,2024-12-24,08:20:40,Transport,Ola,486,debit,Netbanking,Pune
0fb9e4ca-f389-41a0-a3f4-85b2724ce479,2025-04-21,08:48:40,Education,Unacademy,1143,debit,Netbanking,Pune
d95a7323-c3b3-41fe-9b8b-e922dd6e8e47,2025-01-19,10:56:11,Transport,Uber,123,debit,Netbanking,Pune
1aa00447-bab7-4f4a-b150-ebf0b1931353,2025-04-11,12:05:27,Entertainment,Hotstar,1392,debit,Cash,Pune
23ef8b31-683e-45c6-91c5-2a53ef6bf07c,2025-02-11,14:31:47,Food,Dominos,1253,debit,Netbanking,Pune
b0326ae6-c82c-41e8-b1ef-8f6b83e7762f,2025-06-25,14:02:47,Food,Swiggy,503,debit,Cash,Pune
11e74251-e6db-4501-8ce0-947e0650616b,2025-02-14,12:55:20,Food,Zomato,862,debit,UPI,Pune
4161e5b7-4ecb-4639-8ae0-25cf72713385,2025-06-29,08:04:36,Education,Vedantu,1293,debit,Netbanking,Pune
92bc83af-7474-43ad-8f6a-701959d00a20,2025-06-09,14:28:25,Education,Unacademy,1978,debit,Card,Pune
e13b9153-f8ea-4aab-9cd4-1951055ecf41,2025-05-02,20:57:19,Transport,IRCTC,716,debit,Netbanking,Pune
20da2a4f-6c1c-4f1b-9c67-d251da8e2881,2025-05-23,23:18:33,Education,Unacademy,1067,debit,UPI,Pune
e9effcd4-6925-4906-893d-43300d5bda0e,2025-03-03,13:48:33,Recharge,BSNL,247,debit,UPI,Pune
53d8c15c-38b5-4603-bb49-3908d9e18869,2025-06-16,17:42:35,Entertainment,Netflix,1104,debit,UPI,Pune
e1fc28eb-cf3c-483e-b2da-4b3eda118c5c,2025-06-03,18:48:16,Education,Byjus,1575,debit,Cash,Pune
a569bb18-179d-48a9-b346-bd79e1f99a13,2025-01-27,08:02:12,Recharge,Jio,399,debit,UPI,Pune
8d4fc755-75e1-4c49-bb96-857fa7598072,2025-01-07,18:33:10,Entertainment,Netflix,133,debit,Cash,Pune
2b0fa22a-5032-4afc-8ced-389f55567085,2024-12-26,15:09:23,Transport,Ola,1159,debit,Card,Pune
e0e34205-e58d-4a1a-bc3a-0644c077d509,2025-03-27,11:06:30,Entertainment,BookMyShow,230,debit,Card,Pune
8d01d6fe-247a-4636-8897-2e9d04c1a461,2025-02-06,09:42:13,Food,Zomato,289,debit,Card,Pune
c486754a-3408-4da9-9cf5-8697404d1542,2025-05-12,15:46:22,Books,Kindle,678,debit,UPI,Pune
9a9dfd3c-1d3d-4ae9-8721-e8fd36526ba0,2025-01-08,12:26:56,Entertainment,BookMyShow,321,debit,Cash,Pune
6a5bdf5c-7b2a-4ab4-a38b-0e9519c59461,2025-05-07,14:19:01,Books,Amazon,858,debit,Card,Pune
724c2582-0abb-45c4-b55f-099e7681efe6,2025-03-10,09:00:27,Transport,Uber,1478,debit,Card,Pune
76ceb873-0532-4e80-9d39-81ce083006c2,2025-03-11,11:29:41,Food,Zomato,7260,debit,Cash,Pune
0670ab18-9fee-4c05-ae41-e60faa83e9f9,2025-03-25,22:39:30,Recharge,Jio,149,debit,Card,Pune
0d54c237-b819-489e-a599-b46cd8038a3c,2025-01-19,13:43:54,Entertainment,Netflix,112,debit,Cash,Pune
42d7f513-ff02-43ce-bf6b-d22fe84d7b1b,2025-05-31,19:27:43,Education,Byjus,1016,debit,Netbanking,Pune
081727d3-8dc9-480e-b563-b951f3b917bb,2025-02-11,09:46:42,Education,Byjus,2252,debit,Cash,Pune
ead029ab-432a-4afc-934b-40af00538b8c,2025-01-09,18:40:29,Food,Swiggy,945,debit,Cash,Pune
4cb99f8b-f833-4511-a4c9-430e4c76d43e,2024-12-18,12:29:42,Entertainment,Hotstar,562,debit,UPI,Pune
d668316b-68f0-4970-a3e4-8c8fd6b44189,2025-04-22,15:20:17,Food,Dominos,1265,debit,Netbanking,Pune
498e0b2d-14a9-49d9-976a-1b879d0e2e2a,2025-02-10,18:56:37,Food,Swiggy,1496,debit,Netbanking,Pune
fe773c61-cb68-47d0-a60a-6cb2477e443f,2025-05-08,10:13:39,Entertainment,Netflix,505,debit,Netbanking,Pune
1738f318-5352-4945-b730-cecb3679121e,2024-12-28,13:27:01,Education,Unacademy,1845,debit,UPI,Pune
dac50e5c-1819-44d9-bcc1-780988253799,2025-03-09,08:09:21,Entertainment,Netflix,129,debit,Netbanking,Pune
b26850c5-3a6f-460d-ab3b-10d6104c9809,2024-12-19,12:45:00,Education,Byjus,1234,debit,Netbanking,Pune
32e9a394-85fb-4f19-8834-c03ed750029e,2025-04-15,22:02:13,Transport,Uber,1105,debit,Netbanking,Pune
ce41df2c-0478-4572-a957-903dd8e78ec2,2025-03-06,22:57:37,Food,Swiggy,420,debit,Cash,Pune
dcde94c8-54da-42c8-ada1-526be92f6386,2025-03-12,22:01:34,Food,Dominos,1471,debit,Cash,Pune
fbca3090-9e07-464b-8392-ea5be9d370a5,2025-02-03,15:58:29,Entertainment,Hotstar,1217,debit,Netbanking,Pune
563a961a-61eb-4211-a80a-b76f18b6f635,2025-05-14,22:33:15,Entertainment,Netflix,273,debit,Netbanking,Pune
5d4428b4-d783-4134-a250-9828e10dc00f,2025-01-08,12:16:44,Food,Dominos,354,debit,Card,Pune
024d4129-fe19-4f0e-a836-7fba8146961e,2025-03-20,22:40:35,Entertainment,Hotstar,246,debit,UPI,Pune
061b4e93-6569-4846-a6b7-bf55c01b421e,2025-01-18,23:20:20,Books,Kindle,968,debit,Netbanking,Pune
5c2c34dc-2fbd-486b-b842-1560b7b149a3,2025-02-17,21:20:47,Food,Swiggy,643,debit,Card,Pune
3724b3f3-94f6-42b9-81b6-de7d90e39a26,2025-01-04,17:52:58,Food,Dominos,604,debit,UPI,Pune
f31b6a21-9b9c-4ddc-8871-f035c67a59cb,2025-01-31,16:36:21,Books,Amazon,1723,debit,UPI,Pune
63304209-1b05-4ab0-b21c-b69bc310bfcc,2024-12-28,15:58:58,Food,Zomato,1092,debit,Card,Pune
e036537a-6745-4773-9190-23fbf0d7797c,2025-06-11,09:11:13,Food,Dominos,1361,debit,UPI,Pune
adf63b44-128f-426b-819c-05c6baf34bfe,2025-06-23,14:38:50,Food,Dominos,1447,debit,UPI,Pune
a3fffde5-246b-4411-986b-fbc98a472bb1,2025-03-05,21:45:05,Education,Unacademy,2305,debit,Card,Pune
45e2e7d0-fa86-4547-8c92-d840078f5ccd,2025-04-13,14:40:13,Books,Kindle,866,debit,Netbanking,Pune
6f8c7571-1363-4305-8ff7-71e2b7426cd7,2025-04-07,13:01:16,Entertainment,BookMyShow,814,debit,Netbanking,Pune
ed5b10d7-a62a-4842-90d7-d5662965f0fa,2025-01-02,19:20:15,Books,Amazon,934,debit,UPI,Pune
e720038d-59ee-4c4e-b426-1a028b838233,2025-06-25,21:10:09,Transport,Uber,894,debit,Cash,Pune
232e38ff-3e3d-4e40-8a78-235d7e3f84e2,2025-05-14,19:40:52,Entertainment,BookMyShow,424,debit,UPI,Pune
3198a701-477d-4721-8c2b-470bbfc91e5e,2025-01-13,23:14:56,Transport,IRCTC,137,debit,Cash,Pune
ed151ab5-ebbe-4b58-99ce-8a0903a3674a,2025-04-22,21:56:59,Education,Vedantu,2378,debit,Netbanking,Pune
8d374b4a-b201-422f-9ca3-b028f0c17e83,2025-03-19,22:57:21,Recharge,Airtel,299,debit,Netbanking,Pune
6178b7b4-7b85-4412-9e3e-9cd3e3b8633b,2025-06-11,14:26:17,Transport,Uber,709,debit,Cash,Pune
062c8c6a-31b2-42d4-90aa-8d8534f68356,2025-01-02,18:02:09,Entertainment,BookMyShow,353,debit,Netbanking,Pune
f661ac93-f839-440d-b587-a960c1e86027,2024-12-23,19:03:25,Books,Kindle,1447,debit,Netbanking,Pune
9d97a16a-299e-4796-8555-be4b951b3b65,2025-05-15,10:04:05,Education,Vedantu,1371,debit,Netbanking,Pune
b9f9d33f-9f78-4d79-ab6d-6984f8e93853,2025-03-11,09:46:28,Education,Unacademy,1041,debit,Netbanking,Pune
6343a8e8-550d-48db-ad3f-b9c5a6cd94e7,2025-01-15,12:42:31,Entertainment,BookMyShow,633,debit,Cash,Pune
08211fbe-aae3-44e4-ad14-de5d3c6ee864,2025-04-29,22:20:54,Food,Zomato,1336,debit,Card,Pune
b344c0ba-47bb-4bcf-b75b-ab5a7deb4fa2,2025-06-27,11:42:14,Recharge,Jio,399,debit,UPI,Pune
09426801-1ad2-497d-8f1c-f2eeda62ba93,2025-04-13,16:13:31,Entertainment,Hotstar,181,debit,UPI,Pune
68a1e730-5764-4ed6-ae4e-02cecd84b607,2025-02-26,20:23:13,Education,Byjus,2414,debit,Netbanking,Pune
7a09b20e-f39c-40ba-81e9-dbbe406abb1d,2025-02-19,11:52:50,Entertainment,Hotstar,1031,debit,Cash,Pune
679b9fbf-83c0-4de2-b432-b1a94a37f957,2025-01-31,12:39:15,Transport,IRCTC,1005,debit,Card,Pune
d3308418-0e2d-4302-89cf-ef7c10615286,2025-02-10,23:15:45,Food,Swiggy,1265,debit,UPI,Pune
1eb02125-5830-4e7e-858d-9bd4dd6e6b90,2025-05-21,10:03:22,Transport,IRCTC,654,debit,UPI,Pune
b1e5a2f6-44a3-42b2-a0ae-8b9500d942a9,2025-03-24,13:03:35,Books,Amazon,1321,debit,Card,Pune
0b12b6d8-ea6a-4ff0-a12c-e5c2e21391ec,2025-06-22,17:27:28,Transport,IRCTC,538,debit,Netbanking,Pune
fd1fae08-55a7-4a8a-97a5-b17a36547919,2024-12-15,14:53:40,Entertainment,Netflix,247,debit,UPI,Pune
f624b9b1-0c82-4d3e-b81f-dbba1c59d697,2025-03-05,08:01:55,Entertainment,BookMyShow,737,debit,Cash,Pune
0ffcde88-f2c8-4a95-9b93-a526b6affa76,2025-05-18,15:28:24,Education,Unacademy,1942,debit,Netbanking,Pune
df96ed6c-6566-4edd-a4c6-46be0b2e0a26,2025-01-01,10:27:17,Education,Vedantu,1963,debit,Card,Pune
f9a3ffd7-486d-4faf-b1dd-32bb5d2d8a80,2025-04-07,23:45:12,Recharge,Airtel,239,debit,Card,Pune
56381842-e1e5-45cd-9663-5eba37ce58df,2025-04-21,08:55:21,Food,Dominos,589,debit,Card,Pune
31760cdc-3e14-4143-978b-7c716c969d76,2025-06-14,08:54:20,Entertainment,Hotstar,1437,debit,Cash,Pune
7b400224-f1e4-4343-8138-1bf2576592be,2025-04-20,13:09:05,Transport,Uber,109,debit,Card,Pune
76557f26-b26f-407d-9a99-05f830f4d356,2025-01-25,12:21:01,Entertainment,Netflix,1486,debit,UPI,Pune
c4061ccd-1985-47ca-bbaa-945ee0565ce5,2025-04-01,11:17:20,Entertainment,Netflix,825,debit,Cash,Pune
9bc6d1d6-2e48-46c6-893b-f0403f9c4c73,2025-05-25,17:48:22,Entertainment,Netflix,454,debit,UPI,Pune
8cf8cf19-d273-4281-89c4-3a72567c3ceb,2025-01-28,13:17:01,Food,Zomato,569,debit,Netbanking,Pune
6ae0cfa3-07b8-4a1e-bafd-841e1759b704,2025-04-30,21:40:27,Education,Byjus,1901,debit,Cash,Pune
3fad534b-6568-4a10-b0ab-c38dd26bcd15,2025-01-22,16:29:51,Education,Unacademy,1963,debit,UPI,Pune
eac9e940-4fc2-4451-a31d-80347decbee7,2025-04-07,20:09:17,Education,Vedantu,2358,debit,Cash,Pune
7fdb8f25-e7d9-4079-841b-4fe9706ac246,2025-07-06,21:13:20,Books,Amazon,1610,debit,UPI,Pune
58f23dfe-37c1-491d-9b3d-4236c8143fef,2025-02-15,14:04:18,Food,Zomato,565,debit,Card,Pune
5b4fc607-fed2-4f69-a387-314f0083cab5,2025-04-23,08:41:48,Education,Unacademy,1885,debit,UPI,Pune
2fe19382-3707-48ad-8357-d73c85abff6b,2024-12-31,23:47:13,Entertainment,BookMyShow,106,debit,UPI,Pune
dea74611-950e-4627-80c9-1cb049c8cbf0,2025-03-21,23:58:17,Recharge,Airtel,299,debit,Card,Pune
fc348aab-2225-4bb2-beac-d6f28edc3ffb,2025-02-01,15:42:46,Education,Unacademy,1919,debit,Cash,Pune
6e70d44b-5166-4294-978e-f9d8cee9cd4e,2025-02-16,21:13:35,Food,Zomato,290,debit,Netbanking,Pune
c386b823-1b10-41b4-95b1-0a4e4734c4c8,2025-01-19,23:52:14,Entertainment,BookMyShow,387,debit,Netbanking,Pune
f85ea41c-e016-4367-be1c-372a64b83e49,2025-05-02,16:59:06,Food,Swiggy,655,debit,Card,Pune
6c77d165-1c52-423a-bd20-9bb075b55bbe,2024-12-31,14:43:41,Education,Unacademy,1424,debit,Cash,Pune
afa9277f-1604-4e5b-a63d-5bf49d5d198e,2025-05-17,21:56:35,Food,Dominos,277,debit,Card,Pune
149b5c79-b90f-46ff-bce0-2f4e422b3a04,2025-03-29,10:28:48,Food,Swiggy,672,debit,UPI,Pune
63574be6-d7d9-437a-9d0d-7bc4e042c007,2025-01-26,10:58:30,Food,Zomato,336,debit,UPI,Pune
c6652478-4c04-4aaf-a85a-173f5e13fdb5,2025-01-08,18:13:05,Transport,IRCTC,869,debit,UPI,Pune
96d1c238-3e04-4408-b8a8-119ad6b134cc,2025-03-14,20:34:46,Books,Flipkart,430,debit,Cash,Pune
8dfeadd0-76bd-40bb-b6fa-cece97f87f9e,2025-03-25,23:25:27,Food,Swiggy,986,debit,Netbanking,Pune
cf323a95-15e0-4b40-8353-871111310a2d,2025-02-05,22:41:41,Education,Byjus,2410,debit,Netbanking,Pune
3abce2de-fc03-40f1-ab1e-316ccbc7d72d,2025-01-19,13:35:53,Education,Vedantu,1849,debit,Netbanking,Pune
0f883ca4-32c6-490c-94e6-c98b744a33b5,2025-05-18,09:54:08,Books,Amazon,872,debit,Cash,Pune
acec5e02-1056-40df-856c-bc07f6bd7439,2024-12-13,12:36:38,Entertainment,Netflix,1011,debit,UPI,Pune
1193f364-e83d-49ff-a177-ea29051074d2,2025-02-23,19:22:09,Books,Flipkart,1047,debit,UPI,Pune
eb144d2a-0fe8-4061-82b3-9fb9c0079db2,2025-04-18,12:00:16,Food,Swiggy,358,debit,UPI,Pune
f8421551-c63d-4be2-8f19-b140225a15d5,2025-04-15,11:48:14,Food,Dominos,308,debit,UPI,Pune
1ad32c48-863f-4cbf-b805-0a3d807bf66d,2025-05-20,09:24:11,Food,Dominos,435,debit,Card,Pune
86ee3d1c-2eac-4931-a350-e4c8c0271a6b,2025-03-14,09:30:59,Education,Vedantu,2389,debit,Netbanking,Pune
2cc0833a-fb3a-4c2f-8003-aff6ced5b440,2025-04-28,18:08:49,Books,Amazon,1365,debit,Netbanking,Pune
9f85436f-2b07-4634-a3f4-49cc136ec16f,2025-03-23,19:57:48,Entertainment,Netflix,496,debit,Card,Pune
5aade958-a7d0-4cab-b35c-e209f05da90f,2025-06-19,22:21:08,Food,Zomato,543,debit,Netbanking,Pune
b26c09a5-0d4e-4b17-8aab-e6e3f83690b9,2025-02-26,09:35:59,Entertainment,Hotstar,338,debit,Cash,Pune
7dc36f49-251d-4c34-a6bd-babe88bfdee7,2025-06-04,19:05:28,Education,Vedantu,2286,debit,Netbanking,Pune
46801a6a-33b3-456d-9f09-a9e0642ec8e0,2025-04-11,23:10:21,Education,Byjus,1008,debit,Card,Pune
f932f594-e145-47f9-bfd9-368b2716eae6,2025-03-09,08:32:49,Food,Dominos,897,debit,Cash,Pune
255b1915-46b3-4538-9f36-ee59c6391583,2025-03-20,11:53:59,Transport,Ola,268,debit,UPI,Pune
0fbe5c03-4c51-4e57-b578-5fd7af86d171,2025-05-02,16:28:22,Transport,Ola,1359,debit,Cash,Pune
6a9e91b8-6316-4874-acba-58676791904e,2024-12-25,11:43:54,Entertainment,BookMyShow,1313,debit,Netbanking,Pune
83d19929-76d4-4aa3-a887-33b5834fa29f,2025-03-18,17:38:51,Food,Swiggy,1203,debit,Cash,Pune
ba2ae8cd-2b16-4a1d-b9cf-a2d6126d88ee,2025-01-26,23:55:03,Education,Unacademy,1002,debit,Card,Pune
a14fed36-0490-4c5e-9e89-a0af493771e0,2025-01-02,23:17:29,Food,Dominos,849,debit,Netbanking,Pune
951b0940-96e4-4e7f-9e1b-d568af6db123,2025-03-04,09:11:28,Entertainment,Netflix,122,debit,Netbanking,Pune
a844bbaa-92cf-4c96-a7cc-dbbb53ec0c30,2025-02-23,21:01:39,Entertainment,BookMyShow,1191,debit,Cash,Pune
43b652f4-380d-45c4-b4d0-ab83d38d76b1,2025-01-23,17:15:11,Transport,Ola,1300,debit,UPI,Pune
47118b80-26d3-47f4-acfa-61cb4782bb11,2025-03-25,18:58:14,Food,Dominos,1342,debit,Netbanking,Pune
eaa7c44b-cbca-4d71-bc69-83cb27bc2b26,2025-05-01,16:24:25,Recharge,BSNL,247,debit,UPI,Pune
f3d4d775-4383-40be-aa4c-807a009883e6,2025-01-01,20:54:20,Food,Zomato,418,debit,Netbanking,Pune
6fdcd5d5-bb8a-4382-88ee-0138eabd3466,2024-12-27,23:46:55,Books,Amazon,505,debit,Card,Pune
038c7296-586d-4d4c-a7e3-08ab5b1af8e1,2025-05-31,21:15:59,Books,Flipkart,681,debit,Netbanking,Pune
b95d7b01-fff2-43a5-81f7-c7927344260b,2025-03-11,14:47:05,Recharge,Airtel,239,debit,Card,Pune
a2ab09bb-653a-4f5a-b70d-ddb5f9291e83,2025-01-21,20:15:36,Education,Byjus,1049,debit,Netbanking,Pune
0a05a04c-b912-4301-b6b8-ab0a219ba2ea,2025-07-01,22:21:48,Education,Unacademy,1704,debit,Netbanking,Pune
c7968ffb-b224-4a68-8236-119bea2d7ca8,2025-04-23,09:14:18,Education,Unacademy,2402,debit,Card,Pune
779fa4ce-7a16-44af-b242-de6e74dd42cd,2025-05-18,10:43:35,Education,Unacademy,1696,debit,Netbanking,Pune
aadb9118-f5fc-47d2-a833-9416d2a72e5a,2025-03-17,10:58:51,Recharge,Airtel,299,debit,UPI,Pune
d860fe83-b8cc-457f-a1a3-4819b513917c,2025-03-07,23:47:46,Recharge,Airtel,299,debit,Netbanking,Pune
c0653d0e-a322-4625-9273-c607396d00ea,2025-02-10,09:44:09,Food,Swiggy,1011,debit,Card,Pune
15138618-9f13-428a-89b7-d49f79a6cbae,2025-03-13,15:17:02,Transport,Ola,1114,debit,Card,Pune
3b57c1e9-25b1-4138-8cfe-ab7c25f3117f,2025-06-04,14:28:02,Education,Vedantu,2261,debit,Card,Pune
b72d36f1-a420-4457-9a07-f79c25ff1287,2025-04-30,22:09:44,Entertainment,Netflix,580,debit,Card,Pune
59652ef5-39ec-4fad-8714-9a42b71811fe,2025-07-02,23:24:08,Books,Kindle,518,debit,Card,Pune
6224a7cf-8a9d-442f-98a3-1ad5527887bf,2024-12-25,19:39:05,Entertainment,BookMyShow,1274,debit,UPI,Pune
1aecff8a-3865-49d2-8108-45e6d730143c,2025-04-22,08:05:48,Food,Swiggy,764,debit,Netbanking,Pune
6b7a63df-3e48-4d98-9ace-507843c8aa8e,2025-04-12,08:51:32,Food,Swiggy,1188,debit,Card,Pune
d1083949-f764-4673-99ce-528a04304da0,2025-06-05,10:14:14,Education,Byjus,1490,debit,Card,Pune
47d2be0d-de2b-4f54-bf06-00bdfd7b41e7,2025-02-25,17:31:12,Education,Byjus,1103,debit,Cash,Pune
7b275e0b-e2a5-40e3-9cd8-8fbd48601574,2025-01-13,21:58:19,Transport,Uber,685,debit,UPI,Pune
3a6eb0d2-79fb-4b02-a15e-5d09e8937d3d,2025-02-26,09:05:07,Education,Byjus,1700,debit,UPI,Pune
6cafed50-558d-481f-8d2a-54bea047c5d9,2025-05-23,12:44:05,Education,Unacademy,1124,debit,Cash,Pune
24ecb972-5919-462d-85da-7cd36e913def,2025-06-19,16:18:36,Books,Amazon,1379,debit,Card,Pune
71e0d175-707c-409d-8b02-9ec5b588e917,2024-12-22,19:00:46,Entertainment,Hotstar,197,debit,Netbanking,Pune
82e6283a-a2db-4111-b7e5-8acf91abf445,2025-01-18,13:59:48,Transport,IRCTC,1251,debit,Card,Pune
34c5c11d-4267-4bb8-8e7d-5f75e7cbdacb,2025-03-18,21:48:42,Food,Dominos,855,debit,UPI,Pune
480e5cbf-6bf7-445d-ae8b-c2a54d6c37e2,2025-02-01,10:28:27,Entertainment,Netflix,1411,debit,UPI,Pune
80eb3feb-adcf-4954-b435-6c275eecb381,2025-04-16,15:32:37,Entertainment,BookMyShow,739,debit,Netbanking,Pune
fc01f375-9d64-433a-abeb-c69c6696923b,2025-01-31,18:30:06,Education,Unacademy,1599,debit,Netbanking,Pune
251e149c-ea33-4791-b38d-4825fa67e398,2024-12-21,10:33:43,Entertainment,Netflix,1448,debit,Card,Shimla
bd838b0b-2853-477c-bf35-37f2133f0d66,2025-04-11,18:34:26,Entertainment,Hotstar,1068,debit,Cash,Pune
35a27585-50a3-487e-8b7d-d700d651ec74,2025-05-28,14:59:44,Entertainment,Netflix,209,debit,UPI,Pune
f1c74baf-e827-4fd7-961b-0c9b20b0b94e,2025-05-19,11:45:03,Entertainment,BookMyShow,362,debit,Cash,Pune
43e21f12-6d70-4b07-83a7-9d53d489fbb5,2025-03-18,09:22:29,Entertainment,Netflix,977,debit,Cash,Pune
5cfacee8-766c-40fd-a807-72555f635746,2025-02-17,19:35:30,Entertainment,BookMyShow,776,debit,Cash,Pune
1ab0be8f-2f2f-400a-b3b2-4e4519b9e1ad,2025-06-23,13:37:48,Education,Unacademy,1808,debit,Cash,Pune
483da773-8fc7-49c4-8ee0-489e7086608f,2025-06-03,08:41:02,Transport,Uber,114,debit,UPI,Pune
b6ec9611-6d53-4384-94ba-9f2df8981224,2025-06-29,09:01:06,Recharge,Airtel,239,debit,UPI,Pune
7faa77c3-a724-45b2-9e47-a1e5b7b7fe7d,2025-03-31,20:52:50,Entertainment,BookMyShow,191,debit,UPI,Pune
0b4cc540-c7cc-43c2-bb2e-a100fe211bd9,2025-03-28,16:36:52,Books,Flipkart,711,debit,Netbanking,Pune
45983f4b-ec39-4f7c-9bce-01437bc8497e,2025-04-23,14:15:30,Recharge,BSNL,319,debit,Netbanking,Pune
4a8320fa-5de2-445a-83de-1e662c234bbd,2024-12-27,17:37:30,Transport,IRCTC,365,debit,Netbanking,Pune
57a61dfd-299d-4d66-b7aa-56f063cc9b90,2024-12-25,16:35:34,Education,Vedantu,1684,debit,Netbanking,Pune
cff6c738-326d-415e-8612-d506e9e67362,2025-01-29,14:38:10,Food,Zomato,205,debit,Cash,Pune
dc01c915-ec22-4e0d-882e-fe6262b5c440,2025-04-12,22:00:31,Transport,Ola,1458,debit,UPI,Pune
c4616d03-b04d-4c6a-9858-29eeb731ce7a,2025-06-01,12:12:30,Transport,IRCTC,637,debit,Card,Pune
cfa68d50-d4bb-4c40-89e4-f0ffcc1477be,2025-05-13,13:13:14,Books,Amazon,1081,debit,Card,Pune
99744de0-f10e-44fd-ae90-7198bce1f5a3,2024-12-20,11:04:57,Transport,Ola,138,debit,Card,Pune
b61ba36e-638a-4d39-83b8-72c3d34a2c24,2025-02-13,18:02:31,Books,Amazon,742,debit,UPI,Pune
c5fd4e35-90ed-4ab0-9e21-1b7ac7b3e218,2025-04-05,12:41:50,Entertainment,BookMyShow,793,debit,UPI,Pune
8c4515d5-5004-4d66-869a-d3f03df4a5af,2025-06-28,13:43:24,Recharge,BSNL,319,debit,Cash,Pune
678dc44c-298e-49d7-9f2f-504762ae9ea4,2024-12-31,19:02:54,Entertainment,Hotstar,1112,debit,UPI,Pune
c5ca4e59-735f-48c2-a02c-bb8ecc572763,2025-04-21,23:38:01,Education,Unacademy,1800,debit,Card,Pune
96c29fe7-7031-4dcb-bbfd-2575c49e17b1,2025-04-23,16:27:55,Food,Zomato,144,debit,UPI,Pune
b53004f2-40ba-484b-89fd-315344eaedc1,2025-06-30,17:16:12,Food,Dominos,757,debit,Card,Pune
840ca74e-9ef8-4204-ade7-bf9d8d789ba1,2025-01-29,17:08:44,Recharge,Vi,179,debit,Cash,Pune
929e76ff-3091-4f8d-8c6c-3320865d41d5,2025-04-14,17:16:18,Recharge,Airtel,299,debit,Card,Leh
fe9723fb-4ea3-4d6d-9aa6-c1c45f3bb31b,2025-06-02,23:18:54,Food,Dominos,1139,debit,Cash,Pune
3b9360c9-1924-480e-a8af-4d7158432da4,2024-12-11,17:25:07,Education,Byjus,1616,debit,Netbanking,Pune
3874e2c1-53f3-403d-abf7-7fd3618eacb0,2025-06-06,23:06:22,Books,Amazon,9990,debit,Card,Pune
e72026d5-3a32-4ddb-8e14-60a4777f6492,2025-05-14,11:57:06,Recharge,Airtel,349,debit,UPI,Pune
02305d4d-192c-4d83-abc0-2f5eb252eeac,2025-03-31,20:07:07,Books,Amazon,744,debit,UPI,Pune
f772e0f0-686a-4832-9f1b-5cd312ab9b5c,2024-12-18,11:32:41,Education,Byjus,2260,debit,Card,Pune
e4745f08-90b9-4679-93e7-5d62d1e33509,2025-06-11,18:26:30,Food,Zomato,572,debit,Netbanking,Pune
0f37fd5a-12c5-4a09-8e77-5d5808d3048b,2025-05-19,11:59:34,Transport,Ola,789,debit,Card,Pune
9b795c43-f5e7-48ad-b36c-6d45afacff14,2025-02-06,08:51:45,Education,Vedantu,2005,debit,Cash,Pune
735dc121-3eea-492d-a997-23e5da319493,2025-01-16,23:22:03,Food,Swiggy,797,debit,Cash,Pune
56bd2e08-de81-4829-883e-2aa160657aaf,2025-01-28,16:12:53,Entertainment,Netflix,481,debit,Cash,Pune
96d989ca-7bc7-4bde-8b57-ddbbc41d2518,2025-05-26,11:11:08,Education,Unacademy,1979,debit,Netbanking,Pune
ec0904cd-7030-48ab-9941-049922f5e92a,2025-02-03,08:50:37,Books,Flipkart,1170,debit,Card,Pune
cd792d66-f301-4dee-be30-c504eb231003,2025-05-07,15:17:24,Food,Dominos,494,debit,UPI,Pune
89156232-d713-47c8-be94-c476d85a2e69,2025-05-17,22:01:50,Education,Byjus,2242,debit,Card,Pune
01a2675e-f750-402c-a8a2-983711a8271c,2025-03-24,17:34:03,Books,Kindle,14510,debit,Cash,Pune
f192da2b-aafb-4c92-9394-257b4a082a33,2024-12-12,12:20:10,Entertainment,BookMyShow,958,debit,Cash,Pune
3212a0e2-d9bd-4a9c-b08b-c370a5bd36f8,2024-12-19,11:12:19,Food,Zomato,1264,debit,Cash,Pune
519dfaa2-bed8-40ef-9e2d-1f0b3b9233e3,2025-05-31,17:17:29,Education,Byjus,2100,debit,Cash,Pune
478d0509-34c8-499d-9fa9-ef0a00d35a5e,2025-04-13,16:39:21,Entertainment,Netflix,810,debit,Netbanking,Pune
3f2be267-f8d6-458f-9f61-41fe6bf008f7,2025-01-16,14:42:36,Education,Vedantu,1383,debit,UPI,Pune
78506e3b-3e62-4aa3-a688-d166f189daeb,2024-12-19,11:44:13,Education,Unacademy,1313,debit,Netbanking,Pune
10cc847a-91f1-4d4b-a8a9-b4bbeaf28191,2025-01-01,23:12:56,Recharge,Jio,149,debit,Cash,Pune
024ef832-799b-4926-a527-957a7090524d,2025-03-16,12:22:00,Entertainment,BookMyShow,1399,debit,Netbanking,Pune
303ad8d9-b75a-450c-84e5-40ada270beb6,2025-05-12,22:53:16,Education,Vedantu,1715,debit,UPI,Pune
6c8e7ebb-6313-49b0-9079-7d3e73918481,2025-04-29,10:52:51,Education,Unacademy,1088,debit,UPI,Pune
4e3794a2-2791-4ea3-8325-f1f58f66a4e8,2024-12-26,19:27:47,Transport,Uber,1273,debit,Netbanking,Pune
cdb44b4e-d46c-420e-b1aa-141fc2ff38ed,2025-03-09,18:43:40,Education,Unacademy,2388,debit,Card,Pune
5cfea6b6-23aa-4392-803e-db5300582004,2025-06-02,20:36:54,Food,Zomato,724,debit,Cash,Pune
83a021ce-87ee-444b-a255-97afaf8a3249,2025-06-09,19:32:49,Entertainment,BookMyShow,1299,debit,Netbanking,Pune
f6b76e4a-9b38-4f2e-bf0c-40f0b2a154db,2025-06-03,21:39:38,Entertainment,Hotstar,280,debit,UPI,Pune
c445d621-afa2-4118-bddb-5227e82591ef,2025-01-25,21:55:48,Transport,IRCTC,930,debit,Netbanking,Pune
803fef50-38a9-4476-b109-6c8df92ee6c1,2025-05-16,16:43:23,Recharge,BSNL,187,debit,Card,Pune
96510b3c-5799-412c-9044-5ce1553d95b6,2025-06-11,21:45:10,Entertainment,BookMyShow,965,debit,Netbanking,Pune
e523709c-8ae0-4a59-bd49-90aadba30d79,2025-03-06,23:06:54,Food,Swiggy,1477,debit,Card,Pune
c970dc37-a4c5-415d-ae7f-2e1c067824b3,2025-01-11,10:39:40,Recharge,Vi,299,debit,UPI,Pune
eb420cbe-1ecc-4d49-aaed-0bf65bc2aad2,2024-12-28,18:43:44,Food,Zomato,1058,debit,Netbanking,Pune
0308cba2-fa82-4614-ae5b-1fdb6948711f,2025-06-21,20:07:00,Entertainment,BookMyShow,515,debit,UPI,Pune
8a38fbb4-7acb-436b-8543-a80950e35d3f,2025-02-14,19:32:13,Food,Swiggy,911,debit,UPI,Pune
51045eb1-959c-49d3-b011-384a94132551,2025-03-15,17:00:00,Education,Vedantu,2219,debit,Netbanking,Pune
89327ddb-d305-4d55-84e2-1622faf7c3ce,2025-05-02,15:59:21,Transport,Uber,158,debit,Card,Pune
84008901-753c-4836-8b8f-78c081aa5e79,2025-06-20,17:27:22,Transport,IRCTC,698,debit,Card,Pune
aefce8e8-00c0-442a-b3a2-1c58c716e769,2025-05-05,13:50:09,Entertainment,Netflix,106,debit,Card,Pune
9010a97e-76ee-415d-96c7-df76f5e7e418,2025-02-03,14:19:18,Recharge,Vi,179,debit,Netbanking,Pune
3ada5616-5d1e-4e91-abc0-5e7b998cf756,2025-02-03,15:11:48,Transport,Uber,1143,debit,Cash,Pune
0bd63258-7e67-4140-8d4c-7a0a57ce983c,2025-01-31,10:34:32,Entertainment,Hotstar,308,debit,UPI,Pune
73878ab2-9c3d-486a-a3e9-ad59950a7838,2025-06-29,22:57:23,Food,Dominos,1329,debit,UPI,Pune
f2bc2615-0360-471d-965d-59b058ff90dc,2025-05-11,19:24:05,Books,Kindle,831,debit,Card,Pune
50eaefb6-f1cc-4ef4-a3a3-d26306d97208,2025-06-05,09:30:44,Transport,Ola,176,debit,Card,Pune
fcf2d009-12be-40a1-b6b0-d877fd8fcbb1,2025-06-17,13:03:18,Transport,Uber,1437,debit,Netbanking,Pune
27fffd9a-3512-4aac-886d-e3cef4184177,2025-04-09,18:22:30,Transport,Ola,1197,debit,UPI,Pune
7f84f291-0b89-413a-9ec2-4162beb5f6d5,2025-04-11,09:36:45,Transport,Ola,651,debit,Card,Pune
d2c035c4-7389-4a65-a3fb-c3b711852b01,2025-05-02,16:30:22,Transport,Ola,1359,debit,Cash,Gangtok
64ef603e-5d6e-4655-9da8-da513b099e3c,2025-07-02,22:02:47,Food,Zomato,1105,debit,Cash,Pune
334a2d66-ebfe-43a0-83c1-6fde5a1d4c53,2025-06-30,14:41:39,Food,Dominos,262,debit,Card,Pune
88eb1f73-3e87-4a8f-bf72-c8615b8776f7,2025-03-26,14:49:11,Entertainment,BookMyShow,1035,debit,Card,Pune
c64018f4-3f8b-4526-a36c-6deaba91aea5,2025-02-04,15:40:16,Transport,IRCTC,567,debit,Card,Pune
e48d960d-4446-40a3-a566-35426ad9b015,2025-03-11,17:47:58,Food,Dominos,924,debit,Netbanking,Pune
90b5e715-b1a4-486c-bb1d-21d471f876d1,2025-01-16,15:34:30,Transport,Uber,539,debit,Netbanking,Pune
843969bc-7244-4a17-8228-4f2f714b691a,2025-03-19,14:02:58,Entertainment,Hotstar,1022,debit,Cash,Pune
f4aabccd-5100-4824-9dc4-cda7966af0d4,2025-04-22,11:01:49,Transport,Ola,195,debit,Card,Pune
058fc01a-55fe-4fe6-989a-f230797ac047,2025-07-04,17:26:19,Food,Swiggy,207,debit,Netbanking,Pune
d40a5331-7581-4ebb-83b2-4dea5aa34eee,2025-05-21,16:19:46,Transport,Uber,760,debit,Netbanking,Pune
646098d2-5ef5-49e6-af1b-1f1a5c922113,2025-06-30,22:55:45,Recharge,Airtel,299,debit,UPI,Pune
525dc5e7-96c0-4a3f-a93d-0f6d80eac483,2025-04-27,12:37:36,Food,Dominos,619,debit,UPI,Pune
6cc4424e-7eb7-4e86-ab4e-22ac7dfa9a9e,2025-06-05,10:07:56,Transport,Uber,420,debit,Cash,Pune
6d443bb7-3b4c-4d92-8735-cf67b11d29d4,2025-04-12,16:04:34,Food,Dominos,1059,debit,Netbanking,Pune
b576f861-afc6-4e72-9c19-18713850a16a,2025-07-06,14:38:30,Recharge,Jio,349,debit,Netbanking,Pune
e76d3f75-38e5-42a9-9168-ee2f5807f298,2025-04-04,19:20:06,Education,Byjus,2031,debit,UPI,Pune
e83fc4a3-f9b3-43ca-833a-247c81d6b2c5,2025-06-11,23:54:49,Education,Vedantu,1238,debit,UPI,Pune
ba711dde-eb8f-4448-a89f-c3426aa61eaa,2025-03-11,18:13:25,Education,Vedantu,1035,debit,Cash,Pune
de8fd782-8e32-45b9-a5ed-daa8c12c4aba,2025-02-03,08:56:58,Education,Vedantu,1124,debit,Card,Pune
c33f73da-e515-4940-abea-3b167bd1f64c,2025-01-02,22:49:24,Education,Byjus,2425,debit,UPI,Pune
ef64d814-103d-4afb-99f7-3c4df187dcbf,2025-06-21,16:15:29,Recharge,Jio,199,debit,Netbanking,Pune
fd791ef8-f403-425c-b269-4d8c019fa140,2025-03-20,20:31:41,Food,Zomato,1253,debit,UPI,Pune
83222e77-e8de-4988-b5dd-598050b97a05,2025-06-02,17:57:54,Entertainment,Hotstar,1079,debit,Card,Pune
1d59459a-e054-491b-83c0-4b0dc662857c,2025-05-10,23:10:58,Books,Amazon,1044,debit,Card,Pune
ee921eab-4ba1-47cb-8d26-55209082594d,2025-02-19,22:33:07,Recharge,BSNL,187,debit,Card,Pune
ac633556-76b5-4897-b273-f75712c5b46b,2025-06-16,09:58:16,Entertainment,Hotstar,260,debit,Card,Pune
b3f269fb-8399-4bd7-ae75-d44ae2c183eb,2025-06-08,21:47:14,Food,Dominos,1131,debit,UPI,Pune
34a6b7ee-2020-4f15-9216-8809b92c429b,2025-01-27,21:07:18,Education,Unacademy,2466,debit,Cash,Pune
94c37427-bb96-47dd-ae09-95f5fd6e4d71,2025-02-15,14:06:34,Books,Kindle,1727,debit,Netbanking,Pune
b73b4081-514f-40e6-bf53-dd2aa5c93ae8,2025-06-03,18:20:46,Education,Vedantu,1058,debit,Netbanking,Pune
44885554-7a32-46f2-9429-c0ba95c82065,2025-04-14,08:33:28,Recharge,BSNL,247,debit,Card,Pune
b76a833a-2657-4fb3-8683-47fd641452a8,2025-04-24,21:34:57,Entertainment,BookMyShow,462,debit,Netbanking,Pune
f1dd694f-9ad3-452f-a2f3-b66eb3074726,2025-03-05,16:22:37,Entertainment,BookMyShow,861,debit,Card,Pune
70f1afe2-a75b-4c4f-b8a5-3968ad8dffde,2025-01-21,12:21:49,Books,Kindle,1469,debit,Card,Pune
8f47bade-f2b0-4696-bac0-d01f386ac0df,2025-06-08,15:50:40,Transport,Uber,601,debit,UPI,Pune
9be1054f-480b-4fd2-a18d-ad42c4f39b5d,2025-03-15,16:57:25,Food,Swiggy,640,debit,Netbanking,Pune
9ffa7609-2922-41e0-af5d-ec64603175f5,2025-04-11,20:37:11,Recharge,BSNL,399,debit,Card,Pune
cfc75bd8-7056-4d0c-a1fd-240cea2d198c,2025-02-28,12:42:28,Food,Dominos,398,debit,Cash,Pune
55faeb81-05c0-43de-aa02-1a81e68bb27b,2025-01-07,19:18:44,Food,Swiggy,728,debit,Cash,Pune
578746ea-493b-490b-88ee-6e84a8583c39,2025-02-22,16:49:35,Food,Dominos,973,debit,UPI,Pune
fd9ac71b-1397-4d2e-a2f8-46a65f88bcad,2025-01-02,15:01:34,Food,Swiggy,1004,debit,Card,Pune
c4fb73e8-57da-4738-968d-142a65c2d8cd,2025-06-05,18:43:36,Books,Flipkart,1579,debit,UPI,Pune
85962ba8-9f33-4693-95a4-e0871795a6f6,2025-01-01,17:44:58,Food,Swiggy,922,debit,Cash,Pune
4b54a266-d5cf-4ee7-8c7b-3ccaa8130ddc,2025-03-09,14:39:34,Education,Byjus,1329,debit,Netbanking,Pune
3186317f-67b1-4454-8f68-964f2a3c8d28,2024-12-24,14:16:36,Transport,IRCTC,1315,debit,Card,Pune
4c259b01-ac63-4b21-873a-8636abc33b22,2025-04-19,14:52:59,Recharge,Jio,349,debit,Cash,Pune
7b47423a-1ecc-4703-8a28-f3329f93e6f2,2025-05-01,12:32:12,Food,Dominos,477,debit,Netbanking,Pune
13790a07-b081-4f9e-a41a-f8a7e7c45b69,2025-02-05,16:03:11,Entertainment,Hotstar,498,debit,Netbanking,Pune
5ea7c685-cf67-43ac-a7e7-dc4e3ac15368,2025-05-14,15:34:08,Education,Unacademy,2250,debit,Netbanking,Pune
1881c3d9-075b-4988-86e8-e4676620621d,2025-01-19,19:01:45,Food,Dominos,1018,debit,Card,Pune
7659d362-2ead-4f5e-9f88-d79cf4266914,2025-04-09,10:33:09,Education,Vedantu,1910,debit,Card,Pune
a8562838-c1cb-433c-aac0-386120d8db4d,2025-06-29,13:58:07,Books,Amazon,522,debit,Cash,Pune
e423ffb2-cd2c-4143-8690-578ccc431a31,2025-02-18,10:07:47,Recharge,BSNL,247,debit,Cash,Pune
55cc89fc-aa8a-487f-8c8d-2c2642821004,2025-06-08,13:08:57,Transport,Uber,387,debit,Cash,Pune
5470fdcc-7246-4d55-8430-4a95d6d9d0e0,2025-07-01,11:22:25,Entertainment,Netflix,674,debit,UPI,Pune
cb4ccc61-1904-4330-831e-6027ece4ad27,2025-06-03,21:26:06,Entertainment,BookMyShow,770,debit,Card,Pune
ea7c3342-c3c9-4616-87cd-9881c20cd209,2025-05-20,17:56:22,Food,Zomato,1226,debit,Card,Pune
837955ca-dabc-435a-bab5-fae4c6801425,2025-01-25,13:31:20,Books,Flipkart,1322,debit,Cash,Pune
1a01d670-2f2a-4116-adf4-f64807115f2f,2025-06-07,15:04:05,Food,Zomato,320,debit,Card,Pune
55457409-32fe-43da-91b7-70dc5d5794a9,2025-04-18,09:47:43,Books,Amazon,920,debit,Netbanking,Pune
bf63a320-7889-44cf-a6bc-dfce83f4b1da,2025-03-15,16:31:57,Education,Byjus,2196,debit,UPI,Pune
34dc5f13-ab3e-41c2-9ac8-32c0797b1b31,2025-03-23,18:00:01,Recharge,Jio,239,debit,Card,Pune
9eaac007-307a-4b28-b33f-32c8a671ab4e,2025-05-11,13:32:51,Food,Dominos,497,debit,UPI,Pune
c3301c3f-d077-41e8-ba25-ee16bd2e483d,2025-05-21,09:04:31,Transport,Uber,1166,debit,UPI,Pune
705790e5-4a61-4740-a58a-a3297c1836fd,2025-05-06,08:41:06,Education,Unacademy,2281,debit,UPI,Pune
5368d743-9287-439e-a927-43643900399c,2025-03-30,23:31:19,Recharge,Jio,299,debit,Card,Pune
5f5f29dc-ac0f-4057-9ec2-f17171b60f3f,2025-03-11,19:51:44,Transport,IRCTC,651,debit,Card,Pune
389add48-663f-4f8b-9bc7-3700b6193a14,2025-04-09,20:48:41,Recharge,Vi,179,debit,UPI,Pune
ab54e74f-5fd1-4c5a-a874-16165c4d777d,2024-12-24,08:22:28,Education,Byjus,1926,debit,UPI,Pune
a6b2c900-8ed9-42df-ab32-bb2645bf8951,2025-03-08,18:52:32,Transport,Ola,946,debit,Card,Pune
b2fb440b-d133-47a7-bb0a-f61b44ebbd36,2025-03-03,12:06:53,Books,Kindle,1189,debit,Card,Pune
44520788-49d5-497b-9fd6-541d68c5e78f,2025-04-09,08:11:25,Books,Kindle,1745,debit,UPI,Pune
b6add029-e268-4e9b-a7d0-02ba3268a6a7,2025-04-03,17:57:08,Transport,Uber,829,debit,UPI,Pune
06ca943c-665d-48b0-8b29-b99e2ae560d6,2025-04-15,17:13:31,Transport,Uber,1117,debit,UPI,Pune
bce70a2e-8ca5-48f1-a9cc-313f5a9691c2,2024-12-23,10:27:30,Recharge,BSNL,319,debit,Netbanking,Pune
3f3f9995-e660-4bf9-902c-77d82190ffe4,2025-01-04,13:28:17,Books,Kindle,895,debit,Cash,Pune
703dcd8f-b92f-4243-9900-88fff031ef38,2025-03-17,19:17:25,Education,Byjus,1060,debit,Netbanking,Pune
811d7cb1-439b-4197-9fd1-7253afa173c1,2025-05-15,10:45:42,Education,Byjus,1757,debit,Card,Pune
465a790f-20f2-4d38-85a8-8138be2a7b33,2025-05-02,10:09:07,Entertainment,BookMyShow,959,debit,Cash,Pune
97486151-87cf-464c-8902-dced7f79dc99,2025-06-14,15:08:54,Entertainment,Netflix,1490,debit,Cash,Pune
ca14e509-55fd-4b50-96b4-a6f3c9b69ac2,2025-02-22,08:50:25,Recharge,Vi,269,debit,Cash,Pune
c20e77f2-e45d-4da7-a3b8-c1e8e29b0827,2025-05-06,20:46:00,Transport,IRCTC,295,debit,Netbanking,Pune
42828d72-1db1-4a33-bd3e-7683d40bb8a2,2025-05-06,12:18:37,Recharge,BSNL,399,debit,UPI,Pune
d7331e56-d19f-4684-959d-f9a2ff833b48,2025-02-15,11:51:32,Education,Unacademy,1487,debit,Card,Pune
465c3b21-0cd4-4406-b965-d3cd7d34436a,2024-12-28,14:15:47,Education,Byjus,1916,debit,UPI,Pune
79fa3a5c-fff7-4852-b5cc-45d0ef7163a9,2025-06-21,08:48:51,Food,Swiggy,256,debit,Netbanking,Pune
45e40cac-4e3f-4faa-b0ad-28077bebe9eb,2025-01-29,11:06:47,Entertainment,BookMyShow,196,debit,Cash,Pune
7b612b1f-acc9-40d2-8f1c-05b8c703f0bf,2025-06-15,22:40:55,Education,Vedantu,2482,debit,Card,Shimla
b3d3b60d-fbe0-4725-80dd-bd5447a1bd59,2024-12-15,11:31:29,Food,Dominos,1490,debit,Cash,Pune
f7da6fe3-c0e4-43b0-995e-a9fcdf5e904e,2025-05-31,18:33:57,Education,Unacademy,1960,debit,UPI,Pune
8f12c530-b3c9-4c91-ab76-e615918f480e,2025-06-24,23:16:19,Books,Kindle,998,debit,Cash,Pune
a42a9c68-9bcb-4a52-804f-a3a9f54ad055,2025-03-11,14:31:26,Education,Byjus,1938,debit,Card,Pune
cef5f35f-c774-4e3f-b062-1b2a41181c84,2025-04-23,23:13:31,Entertainment,BookMyShow,377,debit,Cash,Pune
a0bbbb92-782c-4b52-b21e-cc00260b2c3a,2025-01-07,15:20:38,Entertainment,Hotstar,767,debit,Cash,Pune
e715bbb2-3cd2-4709-bf5b-0af62e87e484,2024-12-29,17:59:31,Food,Dominos,1418,debit,Card,Pune
83d3e6f9-60fa-4c3d-be43-49c707e80001,2025-02-08,14:57:59,Transport,IRCTC,297,debit,Netbanking,Pune
a981f1a4-5ed2-4f80-9351-1cb15d43b6c2,2025-05-06,09:54:44,Education,Unacademy,1526,debit,Card,Pune
